"";"Gene1";"Gene2";"Difference"
"1";" Neat1";" Neat1";0
"2";" Ly6c2";" Neat1";1,6
"3";" H1f3";" Neat1";0,2
"4";" H2bc15";" Neat1";0,2
"5";" Mpo";" Neat1";0,4
"6";" Ibsp";" Neat1";0
"7";" H1f5";" Neat1";0,8
"8";" Acta1";" Neat1";0,4
"9";" Ctsk";" Neat1";0,6
"10";" Scd1";" Neat1";1,2
"11";" Alas2";" Neat1";0,2
"12";" mt-Rnr2";" Neat1";0,2
"13";" Cybb";" Neat1";1,2
"14";" Rnf213";" Neat1";1,6
"15";" Cd24a";" Neat1";1
"16";" Myot";" Neat1";0,2
"17";" Serpinh1";" Neat1";1
"18";" Lgals3bp";" Neat1";1,4
"19";" Col1a2";" Neat1";0,4
"20";" Ldb3";" Neat1";0,4
"21";" Des";" Neat1";0,4
"22";" Fech";" Neat1";1
"23";" Naca";" Neat1";0
"24";" Mmp13";" Neat1";0
"25";" Itm2b";" Neat1";0,2
"26";" Ctss";" Neat1";1,2
"27";" Actn3";" Neat1";0,2
"28";" H2-Aa";" Neat1";0,8
"29";" Sparc";" Neat1";1
"30";" H3c11";" Neat1";0
"31";" Hemgn";" Neat1";1
"32";" H3c3";" Neat1";0,2
"33";" Igha";" Neat1";0,8
"34";" Myh1";" Neat1";0,4
"35";" Epb41";" Neat1";1
"36";" B2m";" Neat1";1,4
"37";" Myh2";" Neat1";1
"38";" Chad";" Neat1";0,8
"39";" Laptm5";" Neat1";1,4
"40";" Pde4dip";" Neat1";0,2
"41";" Rn18s-rs5";" Neat1";0,2
"42";" Ahnak";" Neat1";0,2
"43";" Tnc";" Neat1";0,8
"44";" Atp2a1";" Neat1";0,2
"45";" Pkm";" Neat1";0,2
"46";" Hsp90ab1";" Neat1";0,8
"47";" Igfbp4";" Neat1";0,4
"48";" Hectd4";" Neat1";0,4
"49";" Tubb5";" Neat1";0
"50";" mt-Cytb";" Neat1";0,8
"51";" Neat1";" Ly6c2";1,6
"52";" Ly6c2";" Ly6c2";0
"53";" H1f3";" Ly6c2";0,6
"54";" H2bc15";" Ly6c2";0,6
"55";" Mpo";" Ly6c2";0,4
"56";" Ibsp";" Ly6c2";1,6
"57";" H1f5";" Ly6c2";0
"58";" Acta1";" Ly6c2";1,2
"59";" Ctsk";" Ly6c2";1
"60";" Scd1";" Ly6c2";1,2
"61";" Alas2";" Ly6c2";0,6
"62";" mt-Rnr2";" Ly6c2";0,2
"63";" Cybb";" Ly6c2";0,4
"64";" Rnf213";" Ly6c2";0
"65";" Cd24a";" Ly6c2";0,6
"66";" Myot";" Ly6c2";1,4
"67";" Serpinh1";" Ly6c2";0,6
"68";" Lgals3bp";" Ly6c2";0,2
"69";" Col1a2";" Ly6c2";2
"70";" Ldb3";" Ly6c2";1,2
"71";" Des";" Ly6c2";1,2
"72";" Fech";" Ly6c2";0,6
"73";" Naca";" Ly6c2";1,6
"74";" Mmp13";" Ly6c2";1,6
"75";" Itm2b";" Ly6c2";0,6
"76";" Ctss";" Ly6c2";0,4
"77";" Actn3";" Ly6c2";1,4
"78";" H2-Aa";" Ly6c2";0
"79";" Sparc";" Ly6c2";0,6
"80";" H3c11";" Ly6c2";0,8
"81";" Hemgn";" Ly6c2";0,6
"82";" H3c3";" Ly6c2";0,6
"83";" Igha";" Ly6c2";0
"84";" Myh1";" Ly6c2";1,2
"85";" Epb41";" Ly6c2";0,6
"86";" B2m";" Ly6c2";0,6
"87";" Myh2";" Ly6c2";0,6
"88";" Chad";" Ly6c2";0,8
"89";" Laptm5";" Ly6c2";0,2
"90";" Pde4dip";" Ly6c2";1,4
"91";" Rn18s-rs5";" Ly6c2";0,2
"92";" Ahnak";" Ly6c2";1,4
"93";" Tnc";" Ly6c2";0,8
"94";" Atp2a1";" Ly6c2";1,4
"95";" Pkm";" Ly6c2";1,8
"96";" Hsp90ab1";" Ly6c2";0,8
"97";" Igfbp4";" Ly6c2";0,4
"98";" Hectd4";" Ly6c2";1,2
"99";" Tubb5";" Ly6c2";0,8
"100";" mt-Cytb";" Ly6c2";0
"101";" Neat1";" H1f3";0,2
"102";" Ly6c2";" H1f3";0,6
"103";" H1f3";" H1f3";0
"104";" H2bc15";" H1f3";0
"105";" Mpo";" H1f3";0
"106";" Ibsp";" H1f3";0,4
"107";" H1f5";" H1f3";0,2
"108";" Acta1";" H1f3";0,2
"109";" Ctsk";" H1f3";0,8
"110";" Scd1";" H1f3";1
"111";" Alas2";" H1f3";0
"112";" mt-Rnr2";" H1f3";1
"113";" Cybb";" H1f3";0,8
"114";" Rnf213";" H1f3";1,2
"115";" Cd24a";" H1f3";0
"116";" Myot";" H1f3";0,4
"117";" Serpinh1";" H1f3";0,4
"118";" Lgals3bp";" H1f3";0
"119";" Col1a2";" H1f3";0,6
"120";" Ldb3";" H1f3";0,2
"121";" Des";" H1f3";0,2
"122";" Fech";" H1f3";0
"123";" Naca";" H1f3";0,4
"124";" Mmp13";" H1f3";0,4
"125";" Itm2b";" H1f3";0,8
"126";" Ctss";" H1f3";0,2
"127";" Actn3";" H1f3";0,4
"128";" H2-Aa";" H1f3";0,6
"129";" Sparc";" H1f3";0,4
"130";" H3c11";" H1f3";0,2
"131";" Hemgn";" H1f3";0
"132";" H3c3";" H1f3";0
"133";" Igha";" H1f3";0,2
"134";" Myh1";" H1f3";0,2
"135";" Epb41";" H1f3";0
"136";" B2m";" H1f3";0,8
"137";" Myh2";" H1f3";0,2
"138";" Chad";" H1f3";0,4
"139";" Laptm5";" H1f3";0
"140";" Pde4dip";" H1f3";0,4
"141";" Rn18s-rs5";" H1f3";1
"142";" Ahnak";" H1f3";0,6
"143";" Tnc";" H1f3";0,4
"144";" Atp2a1";" H1f3";0,4
"145";" Pkm";" H1f3";0
"146";" Hsp90ab1";" H1f3";0,2
"147";" Igfbp4";" H1f3";1
"148";" Hectd4";" H1f3";0,2
"149";" Tubb5";" H1f3";0,2
"150";" mt-Cytb";" H1f3";0,6
"151";" Neat1";" H2bc15";0,2
"152";" Ly6c2";" H2bc15";0,6
"153";" H1f3";" H2bc15";0
"154";" H2bc15";" H2bc15";0
"155";" Mpo";" H2bc15";0
"156";" Ibsp";" H2bc15";0,4
"157";" H1f5";" H2bc15";0,2
"158";" Acta1";" H2bc15";0,2
"159";" Ctsk";" H2bc15";0,8
"160";" Scd1";" H2bc15";1
"161";" Alas2";" H2bc15";0
"162";" mt-Rnr2";" H2bc15";1
"163";" Cybb";" H2bc15";0,8
"164";" Rnf213";" H2bc15";1,2
"165";" Cd24a";" H2bc15";0
"166";" Myot";" H2bc15";0,4
"167";" Serpinh1";" H2bc15";0,4
"168";" Lgals3bp";" H2bc15";0
"169";" Col1a2";" H2bc15";0,6
"170";" Ldb3";" H2bc15";0,2
"171";" Des";" H2bc15";0,2
"172";" Fech";" H2bc15";0
"173";" Naca";" H2bc15";0,4
"174";" Mmp13";" H2bc15";0,4
"175";" Itm2b";" H2bc15";0,8
"176";" Ctss";" H2bc15";0,2
"177";" Actn3";" H2bc15";0,4
"178";" H2-Aa";" H2bc15";0,6
"179";" Sparc";" H2bc15";0,4
"180";" H3c11";" H2bc15";0,2
"181";" Hemgn";" H2bc15";0
"182";" H3c3";" H2bc15";0
"183";" Igha";" H2bc15";0,2
"184";" Myh1";" H2bc15";0,2
"185";" Epb41";" H2bc15";0
"186";" B2m";" H2bc15";0,8
"187";" Myh2";" H2bc15";0,2
"188";" Chad";" H2bc15";0,4
"189";" Laptm5";" H2bc15";0
"190";" Pde4dip";" H2bc15";0,4
"191";" Rn18s-rs5";" H2bc15";1
"192";" Ahnak";" H2bc15";0,6
"193";" Tnc";" H2bc15";0,4
"194";" Atp2a1";" H2bc15";0,4
"195";" Pkm";" H2bc15";0
"196";" Hsp90ab1";" H2bc15";0,2
"197";" Igfbp4";" H2bc15";1
"198";" Hectd4";" H2bc15";0,2
"199";" Tubb5";" H2bc15";0,2
"200";" mt-Cytb";" H2bc15";0,6
"201";" Neat1";" Mpo";0,4
"202";" Ly6c2";" Mpo";0,4
"203";" H1f3";" Mpo";0
"204";" H2bc15";" Mpo";0
"205";" Mpo";" Mpo";0
"206";" Ibsp";" Mpo";1,2
"207";" H1f5";" Mpo";0,4
"208";" Acta1";" Mpo";0,8
"209";" Ctsk";" Mpo";0,8
"210";" Scd1";" Mpo";0,8
"211";" Alas2";" Mpo";0
"212";" mt-Rnr2";" Mpo";0,6
"213";" Cybb";" Mpo";0,2
"214";" Rnf213";" Mpo";0,4
"215";" Cd24a";" Mpo";0
"216";" Myot";" Mpo";0,6
"217";" Serpinh1";" Mpo";0,2
"218";" Lgals3bp";" Mpo";0
"219";" Col1a2";" Mpo";1,2
"220";" Ldb3";" Mpo";0,8
"221";" Des";" Mpo";0,8
"222";" Fech";" Mpo";0
"223";" Naca";" Mpo";1,2
"224";" Mmp13";" Mpo";1,2
"225";" Itm2b";" Mpo";1,2
"226";" Ctss";" Mpo";0,8
"227";" Actn3";" Mpo";0,6
"228";" H2-Aa";" Mpo";0,4
"229";" Sparc";" Mpo";0,6
"230";" H3c11";" Mpo";0,2
"231";" Hemgn";" Mpo";0
"232";" H3c3";" Mpo";0
"233";" Igha";" Mpo";0,2
"234";" Myh1";" Mpo";0,8
"235";" Epb41";" Mpo";0
"236";" B2m";" Mpo";1,2
"237";" Myh2";" Mpo";0,6
"238";" Chad";" Mpo";0,6
"239";" Laptm5";" Mpo";0
"240";" Pde4dip";" Mpo";0,6
"241";" Rn18s-rs5";" Mpo";0,6
"242";" Ahnak";" Mpo";0,6
"243";" Tnc";" Mpo";0,6
"244";" Atp2a1";" Mpo";0,6
"245";" Pkm";" Mpo";0,8
"246";" Hsp90ab1";" Mpo";0
"247";" Igfbp4";" Mpo";1
"248";" Hectd4";" Mpo";0,4
"249";" Tubb5";" Mpo";0,2
"250";" mt-Cytb";" Mpo";0,4
"251";" Neat1";" Ibsp";0
"252";" Ly6c2";" Ibsp";1,6
"253";" H1f3";" Ibsp";0,4
"254";" H2bc15";" Ibsp";0,4
"255";" Mpo";" Ibsp";1,2
"256";" Ibsp";" Ibsp";0
"257";" H1f5";" Ibsp";0
"258";" Acta1";" Ibsp";0,4
"259";" Ctsk";" Ibsp";0,4
"260";" Scd1";" Ibsp";1,2
"261";" Alas2";" Ibsp";0,4
"262";" mt-Rnr2";" Ibsp";0,6
"263";" Cybb";" Ibsp";0,6
"264";" Rnf213";" Ibsp";1,6
"265";" Cd24a";" Ibsp";0,4
"266";" Myot";" Ibsp";0,6
"267";" Serpinh1";" Ibsp";1
"268";" Lgals3bp";" Ibsp";1,2
"269";" Col1a2";" Ibsp";0
"270";" Ldb3";" Ibsp";0,4
"271";" Des";" Ibsp";0,4
"272";" Fech";" Ibsp";0,4
"273";" Naca";" Ibsp";0
"274";" Mmp13";" Ibsp";0
"275";" Itm2b";" Ibsp";0
"276";" Ctss";" Ibsp";0,4
"277";" Actn3";" Ibsp";0,6
"278";" H2-Aa";" Ibsp";0
"279";" Sparc";" Ibsp";0,6
"280";" H3c11";" Ibsp";0,6
"281";" Hemgn";" Ibsp";0,4
"282";" H3c3";" Ibsp";0,4
"283";" Igha";" Ibsp";1,4
"284";" Myh1";" Ibsp";0,4
"285";" Epb41";" Ibsp";0,4
"286";" B2m";" Ibsp";0,8
"287";" Myh2";" Ibsp";0,6
"288";" Chad";" Ibsp";0,6
"289";" Laptm5";" Ibsp";1,2
"290";" Pde4dip";" Ibsp";0,6
"291";" Rn18s-rs5";" Ibsp";0,6
"292";" Ahnak";" Ibsp";0,2
"293";" Tnc";" Ibsp";0,6
"294";" Atp2a1";" Ibsp";0,6
"295";" Pkm";" Ibsp";0,4
"296";" Hsp90ab1";" Ibsp";1,2
"297";" Igfbp4";" Ibsp";0,2
"298";" Hectd4";" Ibsp";0
"299";" Tubb5";" Ibsp";0,6
"300";" mt-Cytb";" Ibsp";0,8
"301";" Neat1";" H1f5";0,8
"302";" Ly6c2";" H1f5";0
"303";" H1f3";" H1f5";0,2
"304";" H2bc15";" H1f5";0,2
"305";" Mpo";" H1f5";0,4
"306";" Ibsp";" H1f5";0
"307";" H1f5";" H1f5";0
"308";" Acta1";" H1f5";0,4
"309";" Ctsk";" H1f5";1
"310";" Scd1";" H1f5";0,4
"311";" Alas2";" H1f5";0,2
"312";" mt-Rnr2";" H1f5";1,2
"313";" Cybb";" H1f5";0,6
"314";" Rnf213";" H1f5";0,8
"315";" Cd24a";" H1f5";0,2
"316";" Myot";" H1f5";0,8
"317";" Serpinh1";" H1f5";0,8
"318";" Lgals3bp";" H1f5";0,6
"319";" Col1a2";" H1f5";0
"320";" Ldb3";" H1f5";0,4
"321";" Des";" H1f5";0,4
"322";" Fech";" H1f5";0,2
"323";" Naca";" H1f5";0
"324";" Mmp13";" H1f5";0
"325";" Itm2b";" H1f5";1
"326";" Ctss";" H1f5";0,4
"327";" Actn3";" H1f5";0,8
"328";" H2-Aa";" H1f5";0,4
"329";" Sparc";" H1f5";0,8
"330";" H3c11";" H1f5";0,6
"331";" Hemgn";" H1f5";0,2
"332";" H3c3";" H1f5";0,2
"333";" Igha";" H1f5";0,2
"334";" Myh1";" H1f5";0,4
"335";" Epb41";" H1f5";0,2
"336";" B2m";" H1f5";0,2
"337";" Myh2";" H1f5";0
"338";" Chad";" H1f5";0,6
"339";" Laptm5";" H1f5";0,6
"340";" Pde4dip";" H1f5";0,8
"341";" Rn18s-rs5";" H1f5";1,2
"342";" Ahnak";" H1f5";0,4
"343";" Tnc";" H1f5";0,6
"344";" Atp2a1";" H1f5";0,8
"345";" Pkm";" H1f5";0,6
"346";" Hsp90ab1";" H1f5";0,4
"347";" Igfbp4";" H1f5";1,4
"348";" Hectd4";" H1f5";0
"349";" Tubb5";" H1f5";0,6
"350";" mt-Cytb";" H1f5";0,4
"351";" Neat1";" Acta1";0,4
"352";" Ly6c2";" Acta1";1,2
"353";" H1f3";" Acta1";0,2
"354";" H2bc15";" Acta1";0,2
"355";" Mpo";" Acta1";0,8
"356";" Ibsp";" Acta1";0,4
"357";" H1f5";" Acta1";0,4
"358";" Acta1";" Acta1";0
"359";" Ctsk";" Acta1";1,4
"360";" Scd1";" Acta1";0
"361";" Alas2";" Acta1";0,2
"362";" mt-Rnr2";" Acta1";1,4
"363";" Cybb";" Acta1";0
"364";" Rnf213";" Acta1";0,4
"365";" Cd24a";" Acta1";1
"366";" Myot";" Acta1";0,2
"367";" Serpinh1";" Acta1";1,8
"368";" Lgals3bp";" Acta1";1,4
"369";" Col1a2";" Acta1";0,8
"370";" Ldb3";" Acta1";0
"371";" Des";" Acta1";0
"372";" Fech";" Acta1";1
"373";" Naca";" Acta1";0,4
"374";" Mmp13";" Acta1";0,4
"375";" Itm2b";" Acta1";0,2
"376";" Ctss";" Acta1";0,8
"377";" Actn3";" Acta1";0,2
"378";" H2-Aa";" Acta1";0,4
"379";" Sparc";" Acta1";1
"380";" H3c11";" Acta1";0,4
"381";" Hemgn";" Acta1";1
"382";" H3c3";" Acta1";0,2
"383";" Igha";" Acta1";1,2
"384";" Myh1";" Acta1";0
"385";" Epb41";" Acta1";1
"386";" B2m";" Acta1";0,6
"387";" Myh2";" Acta1";0,2
"388";" Chad";" Acta1";1,2
"389";" Laptm5";" Acta1";1,4
"390";" Pde4dip";" Acta1";0,2
"391";" Rn18s-rs5";" Acta1";1,4
"392";" Ahnak";" Acta1";1
"393";" Tnc";" Acta1";1,2
"394";" Atp2a1";" Acta1";0,2
"395";" Pkm";" Acta1";0,6
"396";" Hsp90ab1";" Acta1";0,4
"397";" Igfbp4";" Acta1";0,8
"398";" Hectd4";" Acta1";0,8
"399";" Tubb5";" Acta1";0,4
"400";" mt-Cytb";" Acta1";0,4
"401";" Neat1";" Ctsk";0,6
"402";" Ly6c2";" Ctsk";1
"403";" H1f3";" Ctsk";0,8
"404";" H2bc15";" Ctsk";0,8
"405";" Mpo";" Ctsk";0,8
"406";" Ibsp";" Ctsk";0,4
"407";" H1f5";" Ctsk";1
"408";" Acta1";" Ctsk";1,4
"409";" Ctsk";" Ctsk";0
"410";" Scd1";" Ctsk";0,2
"411";" Alas2";" Ctsk";0,8
"412";" mt-Rnr2";" Ctsk";0
"413";" Cybb";" Ctsk";1
"414";" Rnf213";" Ctsk";1,2
"415";" Cd24a";" Ctsk";0,4
"416";" Myot";" Ctsk";1,8
"417";" Serpinh1";" Ctsk";0,2
"418";" Lgals3bp";" Ctsk";0,4
"419";" Col1a2";" Ctsk";1
"420";" Ldb3";" Ctsk";1,4
"421";" Des";" Ctsk";1,4
"422";" Fech";" Ctsk";0,4
"423";" Naca";" Ctsk";0,4
"424";" Mmp13";" Ctsk";0,4
"425";" Itm2b";" Ctsk";0,4
"426";" Ctss";" Ctsk";0,2
"427";" Actn3";" Ctsk";1,8
"428";" H2-Aa";" Ctsk";0,6
"429";" Sparc";" Ctsk";0,2
"430";" H3c11";" Ctsk";0,4
"431";" Hemgn";" Ctsk";0,4
"432";" H3c3";" Ctsk";0,8
"433";" Igha";" Ctsk";1,2
"434";" Myh1";" Ctsk";1,4
"435";" Epb41";" Ctsk";0,4
"436";" B2m";" Ctsk";0,4
"437";" Myh2";" Ctsk";0,4
"438";" Chad";" Ctsk";0,2
"439";" Laptm5";" Ctsk";0,4
"440";" Pde4dip";" Ctsk";1,8
"441";" Rn18s-rs5";" Ctsk";0
"442";" Ahnak";" Ctsk";0
"443";" Tnc";" Ctsk";0,2
"444";" Atp2a1";" Ctsk";1,8
"445";" Pkm";" Ctsk";1,6
"446";" Hsp90ab1";" Ctsk";0,2
"447";" Igfbp4";" Ctsk";0
"448";" Hectd4";" Ctsk";0,2
"449";" Tubb5";" Ctsk";0,4
"450";" mt-Cytb";" Ctsk";0,6
"451";" Neat1";" Scd1";1,2
"452";" Ly6c2";" Scd1";1,2
"453";" H1f3";" Scd1";1
"454";" H2bc15";" Scd1";1
"455";" Mpo";" Scd1";0,8
"456";" Ibsp";" Scd1";1,2
"457";" H1f5";" Scd1";0,4
"458";" Acta1";" Scd1";0
"459";" Ctsk";" Scd1";0,2
"460";" Scd1";" Scd1";0
"461";" Alas2";" Scd1";1
"462";" mt-Rnr2";" Scd1";0,2
"463";" Cybb";" Scd1";0,8
"464";" Rnf213";" Scd1";0,4
"465";" Cd24a";" Scd1";0,2
"466";" Myot";" Scd1";0,2
"467";" Serpinh1";" Scd1";0,6
"468";" Lgals3bp";" Scd1";1
"469";" Col1a2";" Scd1";0,8
"470";" Ldb3";" Scd1";0
"471";" Des";" Scd1";0
"472";" Fech";" Scd1";0,2
"473";" Naca";" Scd1";1,2
"474";" Mmp13";" Scd1";1,2
"475";" Itm2b";" Scd1";0,6
"476";" Ctss";" Scd1";1,6
"477";" Actn3";" Scd1";0,2
"478";" H2-Aa";" Scd1";1,2
"479";" Sparc";" Scd1";0,6
"480";" H3c11";" Scd1";1,2
"481";" Hemgn";" Scd1";0,2
"482";" H3c3";" Scd1";1
"483";" Igha";" Scd1";1,2
"484";" Myh1";" Scd1";0
"485";" Epb41";" Scd1";0,2
"486";" B2m";" Scd1";1,8
"487";" Myh2";" Scd1";0,2
"488";" Chad";" Scd1";0,4
"489";" Laptm5";" Scd1";1
"490";" Pde4dip";" Scd1";0,2
"491";" Rn18s-rs5";" Scd1";0,2
"492";" Ahnak";" Scd1";0,2
"493";" Tnc";" Scd1";0,4
"494";" Atp2a1";" Scd1";0,2
"495";" Pkm";" Scd1";0,6
"496";" Hsp90ab1";" Scd1";0,4
"497";" Igfbp4";" Scd1";0,8
"498";" Hectd4";" Scd1";0,8
"499";" Tubb5";" Scd1";1,2
"500";" mt-Cytb";" Scd1";0,4
"501";" Neat1";" Alas2";0,2
"502";" Ly6c2";" Alas2";0,6
"503";" H1f3";" Alas2";0
"504";" H2bc15";" Alas2";0
"505";" Mpo";" Alas2";0
"506";" Ibsp";" Alas2";0,4
"507";" H1f5";" Alas2";0,2
"508";" Acta1";" Alas2";0,2
"509";" Ctsk";" Alas2";0,8
"510";" Scd1";" Alas2";1
"511";" Alas2";" Alas2";0
"512";" mt-Rnr2";" Alas2";1
"513";" Cybb";" Alas2";0,8
"514";" Rnf213";" Alas2";1,2
"515";" Cd24a";" Alas2";0
"516";" Myot";" Alas2";0,4
"517";" Serpinh1";" Alas2";0,4
"518";" Lgals3bp";" Alas2";0
"519";" Col1a2";" Alas2";0,6
"520";" Ldb3";" Alas2";0,2
"521";" Des";" Alas2";0,2
"522";" Fech";" Alas2";0
"523";" Naca";" Alas2";0,4
"524";" Mmp13";" Alas2";0,4
"525";" Itm2b";" Alas2";0,8
"526";" Ctss";" Alas2";0,2
"527";" Actn3";" Alas2";0,4
"528";" H2-Aa";" Alas2";0,6
"529";" Sparc";" Alas2";0,4
"530";" H3c11";" Alas2";0,2
"531";" Hemgn";" Alas2";0
"532";" H3c3";" Alas2";0
"533";" Igha";" Alas2";0,2
"534";" Myh1";" Alas2";0,2
"535";" Epb41";" Alas2";0
"536";" B2m";" Alas2";0,8
"537";" Myh2";" Alas2";0,2
"538";" Chad";" Alas2";0,4
"539";" Laptm5";" Alas2";0
"540";" Pde4dip";" Alas2";0,4
"541";" Rn18s-rs5";" Alas2";1
"542";" Ahnak";" Alas2";0,6
"543";" Tnc";" Alas2";0,4
"544";" Atp2a1";" Alas2";0,4
"545";" Pkm";" Alas2";0
"546";" Hsp90ab1";" Alas2";0,2
"547";" Igfbp4";" Alas2";1
"548";" Hectd4";" Alas2";0,2
"549";" Tubb5";" Alas2";0,2
"550";" mt-Cytb";" Alas2";0,6
"551";" Neat1";" mt-Rnr2";0,2
"552";" Ly6c2";" mt-Rnr2";0,2
"553";" H1f3";" mt-Rnr2";1
"554";" H2bc15";" mt-Rnr2";1
"555";" Mpo";" mt-Rnr2";0,6
"556";" Ibsp";" mt-Rnr2";0,6
"557";" H1f5";" mt-Rnr2";1,2
"558";" Acta1";" mt-Rnr2";1,4
"559";" Ctsk";" mt-Rnr2";0
"560";" Scd1";" mt-Rnr2";0,2
"561";" Alas2";" mt-Rnr2";1
"562";" mt-Rnr2";" mt-Rnr2";0
"563";" Cybb";" mt-Rnr2";0,6
"564";" Rnf213";" mt-Rnr2";0,6
"565";" Cd24a";" mt-Rnr2";0,8
"566";" Myot";" mt-Rnr2";1,2
"567";" Serpinh1";" mt-Rnr2";0,4
"568";" Lgals3bp";" mt-Rnr2";0
"569";" Col1a2";" mt-Rnr2";0,6
"570";" Ldb3";" mt-Rnr2";1,4
"571";" Des";" mt-Rnr2";1,4
"572";" Fech";" mt-Rnr2";0,8
"573";" Naca";" mt-Rnr2";0,6
"574";" Mmp13";" mt-Rnr2";0,6
"575";" Itm2b";" mt-Rnr2";1,4
"576";" Ctss";" mt-Rnr2";0,8
"577";" Actn3";" mt-Rnr2";1,2
"578";" H2-Aa";" mt-Rnr2";0,4
"579";" Sparc";" mt-Rnr2";0,4
"580";" H3c11";" mt-Rnr2";0,4
"581";" Hemgn";" mt-Rnr2";0,8
"582";" H3c3";" mt-Rnr2";1
"583";" Igha";" mt-Rnr2";0,4
"584";" Myh1";" mt-Rnr2";1,4
"585";" Epb41";" mt-Rnr2";0,8
"586";" B2m";" mt-Rnr2";0,6
"587";" Myh2";" mt-Rnr2";0,8
"588";" Chad";" mt-Rnr2";0,2
"589";" Laptm5";" mt-Rnr2";0
"590";" Pde4dip";" mt-Rnr2";1,2
"591";" Rn18s-rs5";" mt-Rnr2";0
"592";" Ahnak";" mt-Rnr2";0,4
"593";" Tnc";" mt-Rnr2";0,2
"594";" Atp2a1";" mt-Rnr2";1,2
"595";" Pkm";" mt-Rnr2";0,8
"596";" Hsp90ab1";" mt-Rnr2";0,6
"597";" Igfbp4";" mt-Rnr2";0,8
"598";" Hectd4";" mt-Rnr2";0,6
"599";" Tubb5";" mt-Rnr2";0,4
"600";" mt-Cytb";" mt-Rnr2";1,2
"601";" Neat1";" Cybb";1,2
"602";" Ly6c2";" Cybb";0,4
"603";" H1f3";" Cybb";0,8
"604";" H2bc15";" Cybb";0,8
"605";" Mpo";" Cybb";0,2
"606";" Ibsp";" Cybb";0,6
"607";" H1f5";" Cybb";0,6
"608";" Acta1";" Cybb";0
"609";" Ctsk";" Cybb";1
"610";" Scd1";" Cybb";0,8
"611";" Alas2";" Cybb";0,8
"612";" mt-Rnr2";" Cybb";0,6
"613";" Cybb";" Cybb";0
"614";" Rnf213";" Cybb";0,2
"615";" Cd24a";" Cybb";1
"616";" Myot";" Cybb";0,4
"617";" Serpinh1";" Cybb";1,2
"618";" Lgals3bp";" Cybb";0,6
"619";" Col1a2";" Cybb";1,2
"620";" Ldb3";" Cybb";0
"621";" Des";" Cybb";0
"622";" Fech";" Cybb";1
"623";" Naca";" Cybb";0,6
"624";" Mmp13";" Cybb";0,6
"625";" Itm2b";" Cybb";0,4
"626";" Ctss";" Cybb";0,6
"627";" Actn3";" Cybb";0,4
"628";" H2-Aa";" Cybb";0,2
"629";" Sparc";" Cybb";0,4
"630";" H3c11";" Cybb";0,4
"631";" Hemgn";" Cybb";1
"632";" H3c3";" Cybb";0,8
"633";" Igha";" Cybb";0,4
"634";" Myh1";" Cybb";0
"635";" Epb41";" Cybb";1
"636";" B2m";" Cybb";0,4
"637";" Myh2";" Cybb";0,2
"638";" Chad";" Cybb";0,8
"639";" Laptm5";" Cybb";0,6
"640";" Pde4dip";" Cybb";0,4
"641";" Rn18s-rs5";" Cybb";0,6
"642";" Ahnak";" Cybb";1,4
"643";" Tnc";" Cybb";0,8
"644";" Atp2a1";" Cybb";0,4
"645";" Pkm";" Cybb";1
"646";" Hsp90ab1";" Cybb";0,8
"647";" Igfbp4";" Cybb";0
"648";" Hectd4";" Cybb";1,2
"649";" Tubb5";" Cybb";0,4
"650";" mt-Cytb";" Cybb";1
"651";" Neat1";" Rnf213";1,6
"652";" Ly6c2";" Rnf213";0
"653";" H1f3";" Rnf213";1,2
"654";" H2bc15";" Rnf213";1,2
"655";" Mpo";" Rnf213";0,4
"656";" Ibsp";" Rnf213";1,6
"657";" H1f5";" Rnf213";0,8
"658";" Acta1";" Rnf213";0,4
"659";" Ctsk";" Rnf213";1,2
"660";" Scd1";" Rnf213";0,4
"661";" Alas2";" Rnf213";1,2
"662";" mt-Rnr2";" Rnf213";0,6
"663";" Cybb";" Rnf213";0,2
"664";" Rnf213";" Rnf213";0
"665";" Cd24a";" Rnf213";1,2
"666";" Myot";" Rnf213";0,6
"667";" Serpinh1";" Rnf213";1
"668";" Lgals3bp";" Rnf213";0,4
"669";" Col1a2";" Rnf213";1,6
"670";" Ldb3";" Rnf213";0,4
"671";" Des";" Rnf213";0,4
"672";" Fech";" Rnf213";1,2
"673";" Naca";" Rnf213";1,6
"674";" Mmp13";" Rnf213";1,6
"675";" Itm2b";" Rnf213";0
"676";" Ctss";" Rnf213";0,4
"677";" Actn3";" Rnf213";0,6
"678";" H2-Aa";" Rnf213";0,8
"679";" Sparc";" Rnf213";0,6
"680";" H3c11";" Rnf213";1
"681";" Hemgn";" Rnf213";1,2
"682";" H3c3";" Rnf213";1,2
"683";" Igha";" Rnf213";0,2
"684";" Myh1";" Rnf213";0,4
"685";" Epb41";" Rnf213";1,2
"686";" B2m";" Rnf213";0,8
"687";" Myh2";" Rnf213";0,6
"688";" Chad";" Rnf213";1,4
"689";" Laptm5";" Rnf213";0,4
"690";" Pde4dip";" Rnf213";0,6
"691";" Rn18s-rs5";" Rnf213";0,6
"692";" Ahnak";" Rnf213";1,4
"693";" Tnc";" Rnf213";1,4
"694";" Atp2a1";" Rnf213";0,6
"695";" Pkm";" Rnf213";1,2
"696";" Hsp90ab1";" Rnf213";0,4
"697";" Igfbp4";" Rnf213";0,2
"698";" Hectd4";" Rnf213";1,6
"699";" Tubb5";" Rnf213";1
"700";" mt-Cytb";" Rnf213";0
"701";" Neat1";" Cd24a";1
"702";" Ly6c2";" Cd24a";0,6
"703";" H1f3";" Cd24a";0
"704";" H2bc15";" Cd24a";0
"705";" Mpo";" Cd24a";0
"706";" Ibsp";" Cd24a";0,4
"707";" H1f5";" Cd24a";0,2
"708";" Acta1";" Cd24a";1
"709";" Ctsk";" Cd24a";0,4
"710";" Scd1";" Cd24a";0,2
"711";" Alas2";" Cd24a";0
"712";" mt-Rnr2";" Cd24a";0,8
"713";" Cybb";" Cd24a";1
"714";" Rnf213";" Cd24a";1,2
"715";" Cd24a";" Cd24a";0
"716";" Myot";" Cd24a";1,4
"717";" Serpinh1";" Cd24a";0,2
"718";" Lgals3bp";" Cd24a";0
"719";" Col1a2";" Cd24a";0,6
"720";" Ldb3";" Cd24a";1
"721";" Des";" Cd24a";1
"722";" Fech";" Cd24a";0
"723";" Naca";" Cd24a";0,4
"724";" Mmp13";" Cd24a";0,4
"725";" Itm2b";" Cd24a";0,4
"726";" Ctss";" Cd24a";0,2
"727";" Actn3";" Cd24a";1,4
"728";" H2-Aa";" Cd24a";0,6
"729";" Sparc";" Cd24a";0,2
"730";" H3c11";" Cd24a";0,4
"731";" Hemgn";" Cd24a";0
"732";" H3c3";" Cd24a";0
"733";" Igha";" Cd24a";0,4
"734";" Myh1";" Cd24a";1
"735";" Epb41";" Cd24a";0
"736";" B2m";" Cd24a";0,4
"737";" Myh2";" Cd24a";0,4
"738";" Chad";" Cd24a";0,2
"739";" Laptm5";" Cd24a";0
"740";" Pde4dip";" Cd24a";1,4
"741";" Rn18s-rs5";" Cd24a";0,8
"742";" Ahnak";" Cd24a";0
"743";" Tnc";" Cd24a";0,2
"744";" Atp2a1";" Cd24a";1,4
"745";" Pkm";" Cd24a";1,2
"746";" Hsp90ab1";" Cd24a";0,2
"747";" Igfbp4";" Cd24a";0,8
"748";" Hectd4";" Cd24a";0,2
"749";" Tubb5";" Cd24a";0,4
"750";" mt-Cytb";" Cd24a";0,6
"751";" Neat1";" Myot";0,2
"752";" Ly6c2";" Myot";1,4
"753";" H1f3";" Myot";0,4
"754";" H2bc15";" Myot";0,4
"755";" Mpo";" Myot";0,6
"756";" Ibsp";" Myot";0,6
"757";" H1f5";" Myot";0,8
"758";" Acta1";" Myot";0,2
"759";" Ctsk";" Myot";1,8
"760";" Scd1";" Myot";0,2
"761";" Alas2";" Myot";0,4
"762";" mt-Rnr2";" Myot";1,2
"763";" Cybb";" Myot";0,4
"764";" Rnf213";" Myot";0,6
"765";" Cd24a";" Myot";1,4
"766";" Myot";" Myot";0
"767";" Serpinh1";" Myot";2
"768";" Lgals3bp";" Myot";1,8
"769";" Col1a2";" Myot";0,6
"770";" Ldb3";" Myot";0,2
"771";" Des";" Myot";0,2
"772";" Fech";" Myot";1,4
"773";" Naca";" Myot";0,6
"774";" Mmp13";" Myot";0,6
"775";" Itm2b";" Myot";0,8
"776";" Ctss";" Myot";1,2
"777";" Actn3";" Myot";0
"778";" H2-Aa";" Myot";0
"779";" Sparc";" Myot";1,6
"780";" H3c11";" Myot";0,2
"781";" Hemgn";" Myot";1,4
"782";" H3c3";" Myot";0,4
"783";" Igha";" Myot";1
"784";" Myh1";" Myot";0,2
"785";" Epb41";" Myot";1,4
"786";" B2m";" Myot";0,8
"787";" Myh2";" Myot";0,8
"788";" Chad";" Myot";1,6
"789";" Laptm5";" Myot";1,8
"790";" Pde4dip";" Myot";0
"791";" Rn18s-rs5";" Myot";1,2
"792";" Ahnak";" Myot";1,2
"793";" Tnc";" Myot";1,6
"794";" Atp2a1";" Myot";0
"795";" Pkm";" Myot";0,2
"796";" Hsp90ab1";" Myot";0,6
"797";" Igfbp4";" Myot";1,4
"798";" Hectd4";" Myot";1
"799";" Tubb5";" Myot";0,2
"800";" mt-Cytb";" Myot";0
"801";" Neat1";" Serpinh1";1
"802";" Ly6c2";" Serpinh1";0,6
"803";" H1f3";" Serpinh1";0,4
"804";" H2bc15";" Serpinh1";0,4
"805";" Mpo";" Serpinh1";0,2
"806";" Ibsp";" Serpinh1";1
"807";" H1f5";" Serpinh1";0,8
"808";" Acta1";" Serpinh1";1,8
"809";" Ctsk";" Serpinh1";0,2
"810";" Scd1";" Serpinh1";0,6
"811";" Alas2";" Serpinh1";0,4
"812";" mt-Rnr2";" Serpinh1";0,4
"813";" Cybb";" Serpinh1";1,2
"814";" Rnf213";" Serpinh1";1
"815";" Cd24a";" Serpinh1";0,2
"816";" Myot";" Serpinh1";2
"817";" Serpinh1";" Serpinh1";0
"818";" Lgals3bp";" Serpinh1";0,2
"819";" Col1a2";" Serpinh1";1,4
"820";" Ldb3";" Serpinh1";1,8
"821";" Des";" Serpinh1";1,8
"822";" Fech";" Serpinh1";0,2
"823";" Naca";" Serpinh1";1
"824";" Mmp13";" Serpinh1";1
"825";" Itm2b";" Serpinh1";0,8
"826";" Ctss";" Serpinh1";0,4
"827";" Actn3";" Serpinh1";2
"828";" H2-Aa";" Serpinh1";0,8
"829";" Sparc";" Serpinh1";0,4
"830";" H3c11";" Serpinh1";0,2
"831";" Hemgn";" Serpinh1";0,2
"832";" H3c3";" Serpinh1";0,4
"833";" Igha";" Serpinh1";0,6
"834";" Myh1";" Serpinh1";1,8
"835";" Epb41";" Serpinh1";0,2
"836";" B2m";" Serpinh1";0
"837";" Myh2";" Serpinh1";0,8
"838";" Chad";" Serpinh1";0
"839";" Laptm5";" Serpinh1";0,2
"840";" Pde4dip";" Serpinh1";2
"841";" Rn18s-rs5";" Serpinh1";0,4
"842";" Ahnak";" Serpinh1";0,4
"843";" Tnc";" Serpinh1";0
"844";" Atp2a1";" Serpinh1";2
"845";" Pkm";" Serpinh1";1,8
"846";" Hsp90ab1";" Serpinh1";0,2
"847";" Igfbp4";" Serpinh1";0,2
"848";" Hectd4";" Serpinh1";0,2
"849";" Tubb5";" Serpinh1";0,2
"850";" mt-Cytb";" Serpinh1";0,8
"851";" Neat1";" Lgals3bp";1,4
"852";" Ly6c2";" Lgals3bp";0,2
"853";" H1f3";" Lgals3bp";0
"854";" H2bc15";" Lgals3bp";0
"855";" Mpo";" Lgals3bp";0
"856";" Ibsp";" Lgals3bp";1,2
"857";" H1f5";" Lgals3bp";0,6
"858";" Acta1";" Lgals3bp";1,4
"859";" Ctsk";" Lgals3bp";0,4
"860";" Scd1";" Lgals3bp";1
"861";" Alas2";" Lgals3bp";0
"862";" mt-Rnr2";" Lgals3bp";0
"863";" Cybb";" Lgals3bp";0,6
"864";" Rnf213";" Lgals3bp";0,4
"865";" Cd24a";" Lgals3bp";0
"866";" Myot";" Lgals3bp";1,8
"867";" Serpinh1";" Lgals3bp";0,2
"868";" Lgals3bp";" Lgals3bp";0
"869";" Col1a2";" Lgals3bp";1,8
"870";" Ldb3";" Lgals3bp";1,4
"871";" Des";" Lgals3bp";1,4
"872";" Fech";" Lgals3bp";0
"873";" Naca";" Lgals3bp";1,2
"874";" Mmp13";" Lgals3bp";1,2
"875";" Itm2b";" Lgals3bp";0,4
"876";" Ctss";" Lgals3bp";0,6
"877";" Actn3";" Lgals3bp";1,8
"878";" H2-Aa";" Lgals3bp";0,2
"879";" Sparc";" Lgals3bp";0,2
"880";" H3c11";" Lgals3bp";0,4
"881";" Hemgn";" Lgals3bp";0
"882";" H3c3";" Lgals3bp";0
"883";" Igha";" Lgals3bp";0,4
"884";" Myh1";" Lgals3bp";1,4
"885";" Epb41";" Lgals3bp";0
"886";" B2m";" Lgals3bp";0,4
"887";" Myh2";" Lgals3bp";0,4
"888";" Chad";" Lgals3bp";0,2
"889";" Laptm5";" Lgals3bp";0
"890";" Pde4dip";" Lgals3bp";1,8
"891";" Rn18s-rs5";" Lgals3bp";0
"892";" Ahnak";" Lgals3bp";0,8
"893";" Tnc";" Lgals3bp";0,2
"894";" Atp2a1";" Lgals3bp";1,8
"895";" Pkm";" Lgals3bp";2
"896";" Hsp90ab1";" Lgals3bp";0,6
"897";" Igfbp4";" Lgals3bp";0
"898";" Hectd4";" Lgals3bp";0,6
"899";" Tubb5";" Lgals3bp";0,4
"900";" mt-Cytb";" Lgals3bp";0,2
"901";" Neat1";" Col1a2";0,4
"902";" Ly6c2";" Col1a2";2
"903";" H1f3";" Col1a2";0,6
"904";" H2bc15";" Col1a2";0,6
"905";" Mpo";" Col1a2";1,2
"906";" Ibsp";" Col1a2";0
"907";" H1f5";" Col1a2";0
"908";" Acta1";" Col1a2";0,8
"909";" Ctsk";" Col1a2";1
"910";" Scd1";" Col1a2";0,8
"911";" Alas2";" Col1a2";0,6
"912";" mt-Rnr2";" Col1a2";0,6
"913";" Cybb";" Col1a2";1,2
"914";" Rnf213";" Col1a2";1,6
"915";" Cd24a";" Col1a2";0,6
"916";" Myot";" Col1a2";0,6
"917";" Serpinh1";" Col1a2";1,4
"918";" Lgals3bp";" Col1a2";1,8
"919";" Col1a2";" Col1a2";0
"920";" Ldb3";" Col1a2";0,8
"921";" Des";" Col1a2";0,8
"922";" Fech";" Col1a2";0,6
"923";" Naca";" Col1a2";0
"924";" Mmp13";" Col1a2";0
"925";" Itm2b";" Col1a2";1
"926";" Ctss";" Col1a2";1,2
"927";" Actn3";" Col1a2";0,6
"928";" H2-Aa";" Col1a2";0,8
"929";" Sparc";" Col1a2";1,4
"930";" H3c11";" Col1a2";0,8
"931";" Hemgn";" Col1a2";0,6
"932";" H3c3";" Col1a2";0,6
"933";" Igha";" Col1a2";1,6
"934";" Myh1";" Col1a2";0,8
"935";" Epb41";" Col1a2";0,6
"936";" B2m";" Col1a2";1,4
"937";" Myh2";" Col1a2";1
"938";" Chad";" Col1a2";0,8
"939";" Laptm5";" Col1a2";1,8
"940";" Pde4dip";" Col1a2";0,6
"941";" Rn18s-rs5";" Col1a2";0,6
"942";" Ahnak";" Col1a2";0,2
"943";" Tnc";" Col1a2";0,8
"944";" Atp2a1";" Col1a2";0,6
"945";" Pkm";" Col1a2";0,2
"946";" Hsp90ab1";" Col1a2";1,2
"947";" Igfbp4";" Col1a2";1,2
"948";" Hectd4";" Col1a2";0
"949";" Tubb5";" Col1a2";0,8
"950";" mt-Cytb";" Col1a2";0,8
"951";" Neat1";" Ldb3";0,4
"952";" Ly6c2";" Ldb3";1,2
"953";" H1f3";" Ldb3";0,2
"954";" H2bc15";" Ldb3";0,2
"955";" Mpo";" Ldb3";0,8
"956";" Ibsp";" Ldb3";0,4
"957";" H1f5";" Ldb3";0,4
"958";" Acta1";" Ldb3";0
"959";" Ctsk";" Ldb3";1,4
"960";" Scd1";" Ldb3";0
"961";" Alas2";" Ldb3";0,2
"962";" mt-Rnr2";" Ldb3";1,4
"963";" Cybb";" Ldb3";0
"964";" Rnf213";" Ldb3";0,4
"965";" Cd24a";" Ldb3";1
"966";" Myot";" Ldb3";0,2
"967";" Serpinh1";" Ldb3";1,8
"968";" Lgals3bp";" Ldb3";1,4
"969";" Col1a2";" Ldb3";0,8
"970";" Ldb3";" Ldb3";0
"971";" Des";" Ldb3";0
"972";" Fech";" Ldb3";1
"973";" Naca";" Ldb3";0,4
"974";" Mmp13";" Ldb3";0,4
"975";" Itm2b";" Ldb3";0,2
"976";" Ctss";" Ldb3";0,8
"977";" Actn3";" Ldb3";0,2
"978";" H2-Aa";" Ldb3";0,4
"979";" Sparc";" Ldb3";1
"980";" H3c11";" Ldb3";0,4
"981";" Hemgn";" Ldb3";1
"982";" H3c3";" Ldb3";0,2
"983";" Igha";" Ldb3";1,2
"984";" Myh1";" Ldb3";0
"985";" Epb41";" Ldb3";1
"986";" B2m";" Ldb3";0,6
"987";" Myh2";" Ldb3";0,2
"988";" Chad";" Ldb3";1,2
"989";" Laptm5";" Ldb3";1,4
"990";" Pde4dip";" Ldb3";0,2
"991";" Rn18s-rs5";" Ldb3";1,4
"992";" Ahnak";" Ldb3";1
"993";" Tnc";" Ldb3";1,2
"994";" Atp2a1";" Ldb3";0,2
"995";" Pkm";" Ldb3";0,6
"996";" Hsp90ab1";" Ldb3";0,4
"997";" Igfbp4";" Ldb3";0,8
"998";" Hectd4";" Ldb3";0,8
"999";" Tubb5";" Ldb3";0,4
"1000";" mt-Cytb";" Ldb3";0,4
"1001";" Neat1";" Des";0,4
"1002";" Ly6c2";" Des";1,2
"1003";" H1f3";" Des";0,2
"1004";" H2bc15";" Des";0,2
"1005";" Mpo";" Des";0,8
"1006";" Ibsp";" Des";0,4
"1007";" H1f5";" Des";0,4
"1008";" Acta1";" Des";0
"1009";" Ctsk";" Des";1,4
"1010";" Scd1";" Des";0
"1011";" Alas2";" Des";0,2
"1012";" mt-Rnr2";" Des";1,4
"1013";" Cybb";" Des";0
"1014";" Rnf213";" Des";0,4
"1015";" Cd24a";" Des";1
"1016";" Myot";" Des";0,2
"1017";" Serpinh1";" Des";1,8
"1018";" Lgals3bp";" Des";1,4
"1019";" Col1a2";" Des";0,8
"1020";" Ldb3";" Des";0
"1021";" Des";" Des";0
"1022";" Fech";" Des";1
"1023";" Naca";" Des";0,4
"1024";" Mmp13";" Des";0,4
"1025";" Itm2b";" Des";0,2
"1026";" Ctss";" Des";0,8
"1027";" Actn3";" Des";0,2
"1028";" H2-Aa";" Des";0,4
"1029";" Sparc";" Des";1
"1030";" H3c11";" Des";0,4
"1031";" Hemgn";" Des";1
"1032";" H3c3";" Des";0,2
"1033";" Igha";" Des";1,2
"1034";" Myh1";" Des";0
"1035";" Epb41";" Des";1
"1036";" B2m";" Des";0,6
"1037";" Myh2";" Des";0,2
"1038";" Chad";" Des";1,2
"1039";" Laptm5";" Des";1,4
"1040";" Pde4dip";" Des";0,2
"1041";" Rn18s-rs5";" Des";1,4
"1042";" Ahnak";" Des";1
"1043";" Tnc";" Des";1,2
"1044";" Atp2a1";" Des";0,2
"1045";" Pkm";" Des";0,6
"1046";" Hsp90ab1";" Des";0,4
"1047";" Igfbp4";" Des";0,8
"1048";" Hectd4";" Des";0,8
"1049";" Tubb5";" Des";0,4
"1050";" mt-Cytb";" Des";0,4
"1051";" Neat1";" Fech";1
"1052";" Ly6c2";" Fech";0,6
"1053";" H1f3";" Fech";0
"1054";" H2bc15";" Fech";0
"1055";" Mpo";" Fech";0
"1056";" Ibsp";" Fech";0,4
"1057";" H1f5";" Fech";0,2
"1058";" Acta1";" Fech";1
"1059";" Ctsk";" Fech";0,4
"1060";" Scd1";" Fech";0,2
"1061";" Alas2";" Fech";0
"1062";" mt-Rnr2";" Fech";0,8
"1063";" Cybb";" Fech";1
"1064";" Rnf213";" Fech";1,2
"1065";" Cd24a";" Fech";0
"1066";" Myot";" Fech";1,4
"1067";" Serpinh1";" Fech";0,2
"1068";" Lgals3bp";" Fech";0
"1069";" Col1a2";" Fech";0,6
"1070";" Ldb3";" Fech";1
"1071";" Des";" Fech";1
"1072";" Fech";" Fech";0
"1073";" Naca";" Fech";0,4
"1074";" Mmp13";" Fech";0,4
"1075";" Itm2b";" Fech";0,4
"1076";" Ctss";" Fech";0,2
"1077";" Actn3";" Fech";1,4
"1078";" H2-Aa";" Fech";0,6
"1079";" Sparc";" Fech";0,2
"1080";" H3c11";" Fech";0,4
"1081";" Hemgn";" Fech";0
"1082";" H3c3";" Fech";0
"1083";" Igha";" Fech";0,4
"1084";" Myh1";" Fech";1
"1085";" Epb41";" Fech";0
"1086";" B2m";" Fech";0,4
"1087";" Myh2";" Fech";0,4
"1088";" Chad";" Fech";0,2
"1089";" Laptm5";" Fech";0
"1090";" Pde4dip";" Fech";1,4
"1091";" Rn18s-rs5";" Fech";0,8
"1092";" Ahnak";" Fech";0
"1093";" Tnc";" Fech";0,2
"1094";" Atp2a1";" Fech";1,4
"1095";" Pkm";" Fech";1,2
"1096";" Hsp90ab1";" Fech";0,2
"1097";" Igfbp4";" Fech";0,8
"1098";" Hectd4";" Fech";0,2
"1099";" Tubb5";" Fech";0,4
"1100";" mt-Cytb";" Fech";0,6
"1101";" Neat1";" Naca";0
"1102";" Ly6c2";" Naca";1,6
"1103";" H1f3";" Naca";0,4
"1104";" H2bc15";" Naca";0,4
"1105";" Mpo";" Naca";1,2
"1106";" Ibsp";" Naca";0
"1107";" H1f5";" Naca";0
"1108";" Acta1";" Naca";0,4
"1109";" Ctsk";" Naca";0,4
"1110";" Scd1";" Naca";1,2
"1111";" Alas2";" Naca";0,4
"1112";" mt-Rnr2";" Naca";0,6
"1113";" Cybb";" Naca";0,6
"1114";" Rnf213";" Naca";1,6
"1115";" Cd24a";" Naca";0,4
"1116";" Myot";" Naca";0,6
"1117";" Serpinh1";" Naca";1
"1118";" Lgals3bp";" Naca";1,2
"1119";" Col1a2";" Naca";0
"1120";" Ldb3";" Naca";0,4
"1121";" Des";" Naca";0,4
"1122";" Fech";" Naca";0,4
"1123";" Naca";" Naca";0
"1124";" Mmp13";" Naca";0
"1125";" Itm2b";" Naca";0
"1126";" Ctss";" Naca";0,4
"1127";" Actn3";" Naca";0,6
"1128";" H2-Aa";" Naca";0
"1129";" Sparc";" Naca";0,6
"1130";" H3c11";" Naca";0,6
"1131";" Hemgn";" Naca";0,4
"1132";" H3c3";" Naca";0,4
"1133";" Igha";" Naca";1,4
"1134";" Myh1";" Naca";0,4
"1135";" Epb41";" Naca";0,4
"1136";" B2m";" Naca";0,8
"1137";" Myh2";" Naca";0,6
"1138";" Chad";" Naca";0,6
"1139";" Laptm5";" Naca";1,2
"1140";" Pde4dip";" Naca";0,6
"1141";" Rn18s-rs5";" Naca";0,6
"1142";" Ahnak";" Naca";0,2
"1143";" Tnc";" Naca";0,6
"1144";" Atp2a1";" Naca";0,6
"1145";" Pkm";" Naca";0,4
"1146";" Hsp90ab1";" Naca";1,2
"1147";" Igfbp4";" Naca";0,2
"1148";" Hectd4";" Naca";0
"1149";" Tubb5";" Naca";0,6
"1150";" mt-Cytb";" Naca";0,8
"1151";" Neat1";" Mmp13";0
"1152";" Ly6c2";" Mmp13";1,6
"1153";" H1f3";" Mmp13";0,4
"1154";" H2bc15";" Mmp13";0,4
"1155";" Mpo";" Mmp13";1,2
"1156";" Ibsp";" Mmp13";0
"1157";" H1f5";" Mmp13";0
"1158";" Acta1";" Mmp13";0,4
"1159";" Ctsk";" Mmp13";0,4
"1160";" Scd1";" Mmp13";1,2
"1161";" Alas2";" Mmp13";0,4
"1162";" mt-Rnr2";" Mmp13";0,6
"1163";" Cybb";" Mmp13";0,6
"1164";" Rnf213";" Mmp13";1,6
"1165";" Cd24a";" Mmp13";0,4
"1166";" Myot";" Mmp13";0,6
"1167";" Serpinh1";" Mmp13";1
"1168";" Lgals3bp";" Mmp13";1,2
"1169";" Col1a2";" Mmp13";0
"1170";" Ldb3";" Mmp13";0,4
"1171";" Des";" Mmp13";0,4
"1172";" Fech";" Mmp13";0,4
"1173";" Naca";" Mmp13";0
"1174";" Mmp13";" Mmp13";0
"1175";" Itm2b";" Mmp13";0
"1176";" Ctss";" Mmp13";0,4
"1177";" Actn3";" Mmp13";0,6
"1178";" H2-Aa";" Mmp13";0
"1179";" Sparc";" Mmp13";0,6
"1180";" H3c11";" Mmp13";0,6
"1181";" Hemgn";" Mmp13";0,4
"1182";" H3c3";" Mmp13";0,4
"1183";" Igha";" Mmp13";1,4
"1184";" Myh1";" Mmp13";0,4
"1185";" Epb41";" Mmp13";0,4
"1186";" B2m";" Mmp13";0,8
"1187";" Myh2";" Mmp13";0,6
"1188";" Chad";" Mmp13";0,6
"1189";" Laptm5";" Mmp13";1,2
"1190";" Pde4dip";" Mmp13";0,6
"1191";" Rn18s-rs5";" Mmp13";0,6
"1192";" Ahnak";" Mmp13";0,2
"1193";" Tnc";" Mmp13";0,6
"1194";" Atp2a1";" Mmp13";0,6
"1195";" Pkm";" Mmp13";0,4
"1196";" Hsp90ab1";" Mmp13";1,2
"1197";" Igfbp4";" Mmp13";0,2
"1198";" Hectd4";" Mmp13";0
"1199";" Tubb5";" Mmp13";0,6
"1200";" mt-Cytb";" Mmp13";0,8
"1201";" Neat1";" Itm2b";0,2
"1202";" Ly6c2";" Itm2b";0,6
"1203";" H1f3";" Itm2b";0,8
"1204";" H2bc15";" Itm2b";0,8
"1205";" Mpo";" Itm2b";1,2
"1206";" Ibsp";" Itm2b";0
"1207";" H1f5";" Itm2b";1
"1208";" Acta1";" Itm2b";0,2
"1209";" Ctsk";" Itm2b";0,4
"1210";" Scd1";" Itm2b";0,6
"1211";" Alas2";" Itm2b";0,8
"1212";" mt-Rnr2";" Itm2b";1,4
"1213";" Cybb";" Itm2b";0,4
"1214";" Rnf213";" Itm2b";0
"1215";" Cd24a";" Itm2b";0,4
"1216";" Myot";" Itm2b";0,8
"1217";" Serpinh1";" Itm2b";0,8
"1218";" Lgals3bp";" Itm2b";0,4
"1219";" Col1a2";" Itm2b";1
"1220";" Ldb3";" Itm2b";0,2
"1221";" Des";" Itm2b";0,2
"1222";" Fech";" Itm2b";0,4
"1223";" Naca";" Itm2b";0
"1224";" Mmp13";" Itm2b";0
"1225";" Itm2b";" Itm2b";0
"1226";" Ctss";" Itm2b";0,2
"1227";" Actn3";" Itm2b";0,8
"1228";" H2-Aa";" Itm2b";0,6
"1229";" Sparc";" Itm2b";0
"1230";" H3c11";" Itm2b";1
"1231";" Hemgn";" Itm2b";0,4
"1232";" H3c3";" Itm2b";0,8
"1233";" Igha";" Itm2b";1,4
"1234";" Myh1";" Itm2b";0,2
"1235";" Epb41";" Itm2b";0,4
"1236";" B2m";" Itm2b";0
"1237";" Myh2";" Itm2b";0,6
"1238";" Chad";" Itm2b";0
"1239";" Laptm5";" Itm2b";0,4
"1240";" Pde4dip";" Itm2b";0,8
"1241";" Rn18s-rs5";" Itm2b";1,4
"1242";" Ahnak";" Itm2b";0,2
"1243";" Tnc";" Itm2b";0
"1244";" Atp2a1";" Itm2b";0,8
"1245";" Pkm";" Itm2b";1,2
"1246";" Hsp90ab1";" Itm2b";0,2
"1247";" Igfbp4";" Itm2b";0,2
"1248";" Hectd4";" Itm2b";0,2
"1249";" Tubb5";" Itm2b";1
"1250";" mt-Cytb";" Itm2b";0,6
"1251";" Neat1";" Ctss";1,2
"1252";" Ly6c2";" Ctss";0,4
"1253";" H1f3";" Ctss";0,2
"1254";" H2bc15";" Ctss";0,2
"1255";" Mpo";" Ctss";0,8
"1256";" Ibsp";" Ctss";0,4
"1257";" H1f5";" Ctss";0,4
"1258";" Acta1";" Ctss";0,8
"1259";" Ctsk";" Ctss";0,2
"1260";" Scd1";" Ctss";1,6
"1261";" Alas2";" Ctss";0,2
"1262";" mt-Rnr2";" Ctss";0,8
"1263";" Cybb";" Ctss";0,6
"1264";" Rnf213";" Ctss";0,4
"1265";" Cd24a";" Ctss";0,2
"1266";" Myot";" Ctss";1,2
"1267";" Serpinh1";" Ctss";0,4
"1268";" Lgals3bp";" Ctss";0,6
"1269";" Col1a2";" Ctss";1,2
"1270";" Ldb3";" Ctss";0,8
"1271";" Des";" Ctss";0,8
"1272";" Fech";" Ctss";0,2
"1273";" Naca";" Ctss";0,4
"1274";" Mmp13";" Ctss";0,4
"1275";" Itm2b";" Ctss";0,2
"1276";" Ctss";" Ctss";0
"1277";" Actn3";" Ctss";1,2
"1278";" H2-Aa";" Ctss";0,8
"1279";" Sparc";" Ctss";0,4
"1280";" H3c11";" Ctss";0,6
"1281";" Hemgn";" Ctss";0,2
"1282";" H3c3";" Ctss";0,2
"1283";" Igha";" Ctss";0,2
"1284";" Myh1";" Ctss";0,8
"1285";" Epb41";" Ctss";0,2
"1286";" B2m";" Ctss";0,2
"1287";" Myh2";" Ctss";0,4
"1288";" Chad";" Ctss";0,6
"1289";" Laptm5";" Ctss";0,6
"1290";" Pde4dip";" Ctss";1,2
"1291";" Rn18s-rs5";" Ctss";0,8
"1292";" Ahnak";" Ctss";0,8
"1293";" Tnc";" Ctss";0,6
"1294";" Atp2a1";" Ctss";1,2
"1295";" Pkm";" Ctss";1,4
"1296";" Hsp90ab1";" Ctss";1,6
"1297";" Igfbp4";" Ctss";0,6
"1298";" Hectd4";" Ctss";0,4
"1299";" Tubb5";" Ctss";0,6
"1300";" mt-Cytb";" Ctss";0,8
"1301";" Neat1";" Actn3";0,2
"1302";" Ly6c2";" Actn3";1,4
"1303";" H1f3";" Actn3";0,4
"1304";" H2bc15";" Actn3";0,4
"1305";" Mpo";" Actn3";0,6
"1306";" Ibsp";" Actn3";0,6
"1307";" H1f5";" Actn3";0,8
"1308";" Acta1";" Actn3";0,2
"1309";" Ctsk";" Actn3";1,8
"1310";" Scd1";" Actn3";0,2
"1311";" Alas2";" Actn3";0,4
"1312";" mt-Rnr2";" Actn3";1,2
"1313";" Cybb";" Actn3";0,4
"1314";" Rnf213";" Actn3";0,6
"1315";" Cd24a";" Actn3";1,4
"1316";" Myot";" Actn3";0
"1317";" Serpinh1";" Actn3";2
"1318";" Lgals3bp";" Actn3";1,8
"1319";" Col1a2";" Actn3";0,6
"1320";" Ldb3";" Actn3";0,2
"1321";" Des";" Actn3";0,2
"1322";" Fech";" Actn3";1,4
"1323";" Naca";" Actn3";0,6
"1324";" Mmp13";" Actn3";0,6
"1325";" Itm2b";" Actn3";0,8
"1326";" Ctss";" Actn3";1,2
"1327";" Actn3";" Actn3";0
"1328";" H2-Aa";" Actn3";0
"1329";" Sparc";" Actn3";1,6
"1330";" H3c11";" Actn3";0,2
"1331";" Hemgn";" Actn3";1,4
"1332";" H3c3";" Actn3";0,4
"1333";" Igha";" Actn3";1
"1334";" Myh1";" Actn3";0,2
"1335";" Epb41";" Actn3";1,4
"1336";" B2m";" Actn3";0,8
"1337";" Myh2";" Actn3";0,8
"1338";" Chad";" Actn3";1,6
"1339";" Laptm5";" Actn3";1,8
"1340";" Pde4dip";" Actn3";0
"1341";" Rn18s-rs5";" Actn3";1,2
"1342";" Ahnak";" Actn3";1,2
"1343";" Tnc";" Actn3";1,6
"1344";" Atp2a1";" Actn3";0
"1345";" Pkm";" Actn3";0,2
"1346";" Hsp90ab1";" Actn3";0,6
"1347";" Igfbp4";" Actn3";1,4
"1348";" Hectd4";" Actn3";1
"1349";" Tubb5";" Actn3";0,2
"1350";" mt-Cytb";" Actn3";0
"1351";" Neat1";" H2-Aa";0,8
"1352";" Ly6c2";" H2-Aa";0
"1353";" H1f3";" H2-Aa";0,6
"1354";" H2bc15";" H2-Aa";0,6
"1355";" Mpo";" H2-Aa";0,4
"1356";" Ibsp";" H2-Aa";0
"1357";" H1f5";" H2-Aa";0,4
"1358";" Acta1";" H2-Aa";0,4
"1359";" Ctsk";" H2-Aa";0,6
"1360";" Scd1";" H2-Aa";1,2
"1361";" Alas2";" H2-Aa";0,6
"1362";" mt-Rnr2";" H2-Aa";0,4
"1363";" Cybb";" H2-Aa";0,2
"1364";" Rnf213";" H2-Aa";0,8
"1365";" Cd24a";" H2-Aa";0,6
"1366";" Myot";" H2-Aa";0
"1367";" Serpinh1";" H2-Aa";0,8
"1368";" Lgals3bp";" H2-Aa";0,2
"1369";" Col1a2";" H2-Aa";0,8
"1370";" Ldb3";" H2-Aa";0,4
"1371";" Des";" H2-Aa";0,4
"1372";" Fech";" H2-Aa";0,6
"1373";" Naca";" H2-Aa";0
"1374";" Mmp13";" H2-Aa";0
"1375";" Itm2b";" H2-Aa";0,6
"1376";" Ctss";" H2-Aa";0,8
"1377";" Actn3";" H2-Aa";0
"1378";" H2-Aa";" H2-Aa";0
"1379";" Sparc";" H2-Aa";0
"1380";" H3c11";" H2-Aa";0,2
"1381";" Hemgn";" H2-Aa";0,6
"1382";" H3c3";" H2-Aa";0,6
"1383";" Igha";" H2-Aa";0,2
"1384";" Myh1";" H2-Aa";0,4
"1385";" Epb41";" H2-Aa";0,6
"1386";" B2m";" H2-Aa";0,6
"1387";" Myh2";" H2-Aa";0,8
"1388";" Chad";" H2-Aa";0,2
"1389";" Laptm5";" H2-Aa";0,2
"1390";" Pde4dip";" H2-Aa";0
"1391";" Rn18s-rs5";" H2-Aa";0,4
"1392";" Ahnak";" H2-Aa";1,2
"1393";" Tnc";" H2-Aa";0,2
"1394";" Atp2a1";" H2-Aa";0
"1395";" Pkm";" H2-Aa";0,6
"1396";" Hsp90ab1";" H2-Aa";1,2
"1397";" Igfbp4";" H2-Aa";0,2
"1398";" Hectd4";" H2-Aa";0,8
"1399";" Tubb5";" H2-Aa";0,2
"1400";" mt-Cytb";" H2-Aa";1,6
"1401";" Neat1";" Sparc";1
"1402";" Ly6c2";" Sparc";0,6
"1403";" H1f3";" Sparc";0,4
"1404";" H2bc15";" Sparc";0,4
"1405";" Mpo";" Sparc";0,6
"1406";" Ibsp";" Sparc";0,6
"1407";" H1f5";" Sparc";0,8
"1408";" Acta1";" Sparc";1
"1409";" Ctsk";" Sparc";0,2
"1410";" Scd1";" Sparc";0,6
"1411";" Alas2";" Sparc";0,4
"1412";" mt-Rnr2";" Sparc";0,4
"1413";" Cybb";" Sparc";0,4
"1414";" Rnf213";" Sparc";0,6
"1415";" Cd24a";" Sparc";0,2
"1416";" Myot";" Sparc";1,6
"1417";" Serpinh1";" Sparc";0,4
"1418";" Lgals3bp";" Sparc";0,2
"1419";" Col1a2";" Sparc";1,4
"1420";" Ldb3";" Sparc";1
"1421";" Des";" Sparc";1
"1422";" Fech";" Sparc";0,2
"1423";" Naca";" Sparc";0,6
"1424";" Mmp13";" Sparc";0,6
"1425";" Itm2b";" Sparc";0
"1426";" Ctss";" Sparc";0,4
"1427";" Actn3";" Sparc";1,6
"1428";" H2-Aa";" Sparc";0
"1429";" Sparc";" Sparc";0
"1430";" H3c11";" Sparc";0,2
"1431";" Hemgn";" Sparc";0,2
"1432";" H3c3";" Sparc";0,4
"1433";" Igha";" Sparc";1
"1434";" Myh1";" Sparc";1
"1435";" Epb41";" Sparc";0,2
"1436";" B2m";" Sparc";0
"1437";" Myh2";" Sparc";0
"1438";" Chad";" Sparc";0
"1439";" Laptm5";" Sparc";0,2
"1440";" Pde4dip";" Sparc";1,6
"1441";" Rn18s-rs5";" Sparc";0,4
"1442";" Ahnak";" Sparc";0,4
"1443";" Tnc";" Sparc";0
"1444";" Atp2a1";" Sparc";1,6
"1445";" Pkm";" Sparc";1,8
"1446";" Hsp90ab1";" Sparc";0,2
"1447";" Igfbp4";" Sparc";0,2
"1448";" Hectd4";" Sparc";0,2
"1449";" Tubb5";" Sparc";0,2
"1450";" mt-Cytb";" Sparc";0
"1451";" Neat1";" H3c11";0
"1452";" Ly6c2";" H3c11";0,8
"1453";" H1f3";" H3c11";0,2
"1454";" H2bc15";" H3c11";0,2
"1455";" Mpo";" H3c11";0,2
"1456";" Ibsp";" H3c11";0,6
"1457";" H1f5";" H3c11";0,6
"1458";" Acta1";" H3c11";0,4
"1459";" Ctsk";" H3c11";0,4
"1460";" Scd1";" H3c11";1,2
"1461";" Alas2";" H3c11";0,2
"1462";" mt-Rnr2";" H3c11";0,4
"1463";" Cybb";" H3c11";0,4
"1464";" Rnf213";" H3c11";1
"1465";" Cd24a";" H3c11";0,4
"1466";" Myot";" H3c11";0,2
"1467";" Serpinh1";" H3c11";0,2
"1468";" Lgals3bp";" H3c11";0,4
"1469";" Col1a2";" H3c11";0,8
"1470";" Ldb3";" H3c11";0,4
"1471";" Des";" H3c11";0,4
"1472";" Fech";" H3c11";0,4
"1473";" Naca";" H3c11";0,6
"1474";" Mmp13";" H3c11";0,6
"1475";" Itm2b";" H3c11";1
"1476";" Ctss";" H3c11";0,6
"1477";" Actn3";" H3c11";0,2
"1478";" H2-Aa";" H3c11";0,2
"1479";" Sparc";" H3c11";0,2
"1480";" H3c11";" H3c11";0
"1481";" Hemgn";" H3c11";0,4
"1482";" H3c3";" H3c11";0,2
"1483";" Igha";" H3c11";0,4
"1484";" Myh1";" H3c11";0,4
"1485";" Epb41";" H3c11";0,4
"1486";" B2m";" H3c11";1
"1487";" Myh2";" H3c11";0
"1488";" Chad";" H3c11";0
"1489";" Laptm5";" H3c11";0,4
"1490";" Pde4dip";" H3c11";0,2
"1491";" Rn18s-rs5";" H3c11";0,4
"1492";" Ahnak";" H3c11";0,4
"1493";" Tnc";" H3c11";0
"1494";" Atp2a1";" H3c11";0,2
"1495";" Pkm";" H3c11";0,4
"1496";" Hsp90ab1";" H3c11";0,4
"1497";" Igfbp4";" H3c11";0,8
"1498";" Hectd4";" H3c11";0
"1499";" Tubb5";" H3c11";0
"1500";" mt-Cytb";" H3c11";0,2
"1501";" Neat1";" Hemgn";1
"1502";" Ly6c2";" Hemgn";0,6
"1503";" H1f3";" Hemgn";0
"1504";" H2bc15";" Hemgn";0
"1505";" Mpo";" Hemgn";0
"1506";" Ibsp";" Hemgn";0,4
"1507";" H1f5";" Hemgn";0,2
"1508";" Acta1";" Hemgn";1
"1509";" Ctsk";" Hemgn";0,4
"1510";" Scd1";" Hemgn";0,2
"1511";" Alas2";" Hemgn";0
"1512";" mt-Rnr2";" Hemgn";0,8
"1513";" Cybb";" Hemgn";1
"1514";" Rnf213";" Hemgn";1,2
"1515";" Cd24a";" Hemgn";0
"1516";" Myot";" Hemgn";1,4
"1517";" Serpinh1";" Hemgn";0,2
"1518";" Lgals3bp";" Hemgn";0
"1519";" Col1a2";" Hemgn";0,6
"1520";" Ldb3";" Hemgn";1
"1521";" Des";" Hemgn";1
"1522";" Fech";" Hemgn";0
"1523";" Naca";" Hemgn";0,4
"1524";" Mmp13";" Hemgn";0,4
"1525";" Itm2b";" Hemgn";0,4
"1526";" Ctss";" Hemgn";0,2
"1527";" Actn3";" Hemgn";1,4
"1528";" H2-Aa";" Hemgn";0,6
"1529";" Sparc";" Hemgn";0,2
"1530";" H3c11";" Hemgn";0,4
"1531";" Hemgn";" Hemgn";0
"1532";" H3c3";" Hemgn";0
"1533";" Igha";" Hemgn";0,4
"1534";" Myh1";" Hemgn";1
"1535";" Epb41";" Hemgn";0
"1536";" B2m";" Hemgn";0,4
"1537";" Myh2";" Hemgn";0,4
"1538";" Chad";" Hemgn";0,2
"1539";" Laptm5";" Hemgn";0
"1540";" Pde4dip";" Hemgn";1,4
"1541";" Rn18s-rs5";" Hemgn";0,8
"1542";" Ahnak";" Hemgn";0
"1543";" Tnc";" Hemgn";0,2
"1544";" Atp2a1";" Hemgn";1,4
"1545";" Pkm";" Hemgn";1,2
"1546";" Hsp90ab1";" Hemgn";0,2
"1547";" Igfbp4";" Hemgn";0,8
"1548";" Hectd4";" Hemgn";0,2
"1549";" Tubb5";" Hemgn";0,4
"1550";" mt-Cytb";" Hemgn";0,6
"1551";" Neat1";" H3c3";0,2
"1552";" Ly6c2";" H3c3";0,6
"1553";" H1f3";" H3c3";0
"1554";" H2bc15";" H3c3";0
"1555";" Mpo";" H3c3";0
"1556";" Ibsp";" H3c3";0,4
"1557";" H1f5";" H3c3";0,2
"1558";" Acta1";" H3c3";0,2
"1559";" Ctsk";" H3c3";0,8
"1560";" Scd1";" H3c3";1
"1561";" Alas2";" H3c3";0
"1562";" mt-Rnr2";" H3c3";1
"1563";" Cybb";" H3c3";0,8
"1564";" Rnf213";" H3c3";1,2
"1565";" Cd24a";" H3c3";0
"1566";" Myot";" H3c3";0,4
"1567";" Serpinh1";" H3c3";0,4
"1568";" Lgals3bp";" H3c3";0
"1569";" Col1a2";" H3c3";0,6
"1570";" Ldb3";" H3c3";0,2
"1571";" Des";" H3c3";0,2
"1572";" Fech";" H3c3";0
"1573";" Naca";" H3c3";0,4
"1574";" Mmp13";" H3c3";0,4
"1575";" Itm2b";" H3c3";0,8
"1576";" Ctss";" H3c3";0,2
"1577";" Actn3";" H3c3";0,4
"1578";" H2-Aa";" H3c3";0,6
"1579";" Sparc";" H3c3";0,4
"1580";" H3c11";" H3c3";0,2
"1581";" Hemgn";" H3c3";0
"1582";" H3c3";" H3c3";0
"1583";" Igha";" H3c3";0,2
"1584";" Myh1";" H3c3";0,2
"1585";" Epb41";" H3c3";0
"1586";" B2m";" H3c3";0,8
"1587";" Myh2";" H3c3";0,2
"1588";" Chad";" H3c3";0,4
"1589";" Laptm5";" H3c3";0
"1590";" Pde4dip";" H3c3";0,4
"1591";" Rn18s-rs5";" H3c3";1
"1592";" Ahnak";" H3c3";0,6
"1593";" Tnc";" H3c3";0,4
"1594";" Atp2a1";" H3c3";0,4
"1595";" Pkm";" H3c3";0
"1596";" Hsp90ab1";" H3c3";0,2
"1597";" Igfbp4";" H3c3";1
"1598";" Hectd4";" H3c3";0,2
"1599";" Tubb5";" H3c3";0,2
"1600";" mt-Cytb";" H3c3";0,6
"1601";" Neat1";" Igha";0,8
"1602";" Ly6c2";" Igha";0
"1603";" H1f3";" Igha";0,2
"1604";" H2bc15";" Igha";0,2
"1605";" Mpo";" Igha";0,2
"1606";" Ibsp";" Igha";1,4
"1607";" H1f5";" Igha";0,2
"1608";" Acta1";" Igha";1,2
"1609";" Ctsk";" Igha";1,2
"1610";" Scd1";" Igha";1,2
"1611";" Alas2";" Igha";0,2
"1612";" mt-Rnr2";" Igha";0,4
"1613";" Cybb";" Igha";0,4
"1614";" Rnf213";" Igha";0,2
"1615";" Cd24a";" Igha";0,4
"1616";" Myot";" Igha";1
"1617";" Serpinh1";" Igha";0,6
"1618";" Lgals3bp";" Igha";0,4
"1619";" Col1a2";" Igha";1,6
"1620";" Ldb3";" Igha";1,2
"1621";" Des";" Igha";1,2
"1622";" Fech";" Igha";0,4
"1623";" Naca";" Igha";1,4
"1624";" Mmp13";" Igha";1,4
"1625";" Itm2b";" Igha";1,4
"1626";" Ctss";" Igha";0,2
"1627";" Actn3";" Igha";1
"1628";" H2-Aa";" Igha";0,2
"1629";" Sparc";" Igha";1
"1630";" H3c11";" Igha";0,4
"1631";" Hemgn";" Igha";0,4
"1632";" H3c3";" Igha";0,2
"1633";" Igha";" Igha";0
"1634";" Myh1";" Igha";1,2
"1635";" Epb41";" Igha";0,4
"1636";" B2m";" Igha";0,6
"1637";" Myh2";" Igha";0,8
"1638";" Chad";" Igha";0,8
"1639";" Laptm5";" Igha";0,4
"1640";" Pde4dip";" Igha";1
"1641";" Rn18s-rs5";" Igha";0,4
"1642";" Ahnak";" Igha";1,2
"1643";" Tnc";" Igha";0,8
"1644";" Atp2a1";" Igha";1
"1645";" Pkm";" Igha";1,2
"1646";" Hsp90ab1";" Igha";0,4
"1647";" Igfbp4";" Igha";1,2
"1648";" Hectd4";" Igha";0,8
"1649";" Tubb5";" Igha";0,4
"1650";" mt-Cytb";" Igha";0,2
"1651";" Neat1";" Myh1";0,4
"1652";" Ly6c2";" Myh1";1,2
"1653";" H1f3";" Myh1";0,2
"1654";" H2bc15";" Myh1";0,2
"1655";" Mpo";" Myh1";0,8
"1656";" Ibsp";" Myh1";0,4
"1657";" H1f5";" Myh1";0,4
"1658";" Acta1";" Myh1";0
"1659";" Ctsk";" Myh1";1,4
"1660";" Scd1";" Myh1";0
"1661";" Alas2";" Myh1";0,2
"1662";" mt-Rnr2";" Myh1";1,4
"1663";" Cybb";" Myh1";0
"1664";" Rnf213";" Myh1";0,4
"1665";" Cd24a";" Myh1";1
"1666";" Myot";" Myh1";0,2
"1667";" Serpinh1";" Myh1";1,8
"1668";" Lgals3bp";" Myh1";1,4
"1669";" Col1a2";" Myh1";0,8
"1670";" Ldb3";" Myh1";0
"1671";" Des";" Myh1";0
"1672";" Fech";" Myh1";1
"1673";" Naca";" Myh1";0,4
"1674";" Mmp13";" Myh1";0,4
"1675";" Itm2b";" Myh1";0,2
"1676";" Ctss";" Myh1";0,8
"1677";" Actn3";" Myh1";0,2
"1678";" H2-Aa";" Myh1";0,4
"1679";" Sparc";" Myh1";1
"1680";" H3c11";" Myh1";0,4
"1681";" Hemgn";" Myh1";1
"1682";" H3c3";" Myh1";0,2
"1683";" Igha";" Myh1";1,2
"1684";" Myh1";" Myh1";0
"1685";" Epb41";" Myh1";1
"1686";" B2m";" Myh1";0,6
"1687";" Myh2";" Myh1";0,2
"1688";" Chad";" Myh1";1,2
"1689";" Laptm5";" Myh1";1,4
"1690";" Pde4dip";" Myh1";0,2
"1691";" Rn18s-rs5";" Myh1";1,4
"1692";" Ahnak";" Myh1";1
"1693";" Tnc";" Myh1";1,2
"1694";" Atp2a1";" Myh1";0,2
"1695";" Pkm";" Myh1";0,6
"1696";" Hsp90ab1";" Myh1";0,4
"1697";" Igfbp4";" Myh1";0,8
"1698";" Hectd4";" Myh1";0,8
"1699";" Tubb5";" Myh1";0,4
"1700";" mt-Cytb";" Myh1";0,4
"1701";" Neat1";" Epb41";1
"1702";" Ly6c2";" Epb41";0,6
"1703";" H1f3";" Epb41";0
"1704";" H2bc15";" Epb41";0
"1705";" Mpo";" Epb41";0
"1706";" Ibsp";" Epb41";0,4
"1707";" H1f5";" Epb41";0,2
"1708";" Acta1";" Epb41";1
"1709";" Ctsk";" Epb41";0,4
"1710";" Scd1";" Epb41";0,2
"1711";" Alas2";" Epb41";0
"1712";" mt-Rnr2";" Epb41";0,8
"1713";" Cybb";" Epb41";1
"1714";" Rnf213";" Epb41";1,2
"1715";" Cd24a";" Epb41";0
"1716";" Myot";" Epb41";1,4
"1717";" Serpinh1";" Epb41";0,2
"1718";" Lgals3bp";" Epb41";0
"1719";" Col1a2";" Epb41";0,6
"1720";" Ldb3";" Epb41";1
"1721";" Des";" Epb41";1
"1722";" Fech";" Epb41";0
"1723";" Naca";" Epb41";0,4
"1724";" Mmp13";" Epb41";0,4
"1725";" Itm2b";" Epb41";0,4
"1726";" Ctss";" Epb41";0,2
"1727";" Actn3";" Epb41";1,4
"1728";" H2-Aa";" Epb41";0,6
"1729";" Sparc";" Epb41";0,2
"1730";" H3c11";" Epb41";0,4
"1731";" Hemgn";" Epb41";0
"1732";" H3c3";" Epb41";0
"1733";" Igha";" Epb41";0,4
"1734";" Myh1";" Epb41";1
"1735";" Epb41";" Epb41";0
"1736";" B2m";" Epb41";0,4
"1737";" Myh2";" Epb41";0,4
"1738";" Chad";" Epb41";0,2
"1739";" Laptm5";" Epb41";0
"1740";" Pde4dip";" Epb41";1,4
"1741";" Rn18s-rs5";" Epb41";0,8
"1742";" Ahnak";" Epb41";0
"1743";" Tnc";" Epb41";0,2
"1744";" Atp2a1";" Epb41";1,4
"1745";" Pkm";" Epb41";1,2
"1746";" Hsp90ab1";" Epb41";0,2
"1747";" Igfbp4";" Epb41";0,8
"1748";" Hectd4";" Epb41";0,2
"1749";" Tubb5";" Epb41";0,4
"1750";" mt-Cytb";" Epb41";0,6
"1751";" Neat1";" B2m";1,4
"1752";" Ly6c2";" B2m";0,6
"1753";" H1f3";" B2m";0,8
"1754";" H2bc15";" B2m";0,8
"1755";" Mpo";" B2m";1,2
"1756";" Ibsp";" B2m";0,8
"1757";" H1f5";" B2m";0,2
"1758";" Acta1";" B2m";0,6
"1759";" Ctsk";" B2m";0,4
"1760";" Scd1";" B2m";1,8
"1761";" Alas2";" B2m";0,8
"1762";" mt-Rnr2";" B2m";0,6
"1763";" Cybb";" B2m";0,4
"1764";" Rnf213";" B2m";0,8
"1765";" Cd24a";" B2m";0,4
"1766";" Myot";" B2m";0,8
"1767";" Serpinh1";" B2m";0
"1768";" Lgals3bp";" B2m";0,4
"1769";" Col1a2";" B2m";1,4
"1770";" Ldb3";" B2m";0,6
"1771";" Des";" B2m";0,6
"1772";" Fech";" B2m";0,4
"1773";" Naca";" B2m";0,8
"1774";" Mmp13";" B2m";0,8
"1775";" Itm2b";" B2m";0
"1776";" Ctss";" B2m";0,2
"1777";" Actn3";" B2m";0,8
"1778";" H2-Aa";" B2m";0,6
"1779";" Sparc";" B2m";0
"1780";" H3c11";" B2m";1
"1781";" Hemgn";" B2m";0,4
"1782";" H3c3";" B2m";0,8
"1783";" Igha";" B2m";0,6
"1784";" Myh1";" B2m";0,6
"1785";" Epb41";" B2m";0,4
"1786";" B2m";" B2m";0
"1787";" Myh2";" B2m";0,2
"1788";" Chad";" B2m";0
"1789";" Laptm5";" B2m";0,4
"1790";" Pde4dip";" B2m";0,8
"1791";" Rn18s-rs5";" B2m";0,6
"1792";" Ahnak";" B2m";1,4
"1793";" Tnc";" B2m";0
"1794";" Atp2a1";" B2m";0,8
"1795";" Pkm";" B2m";1,2
"1796";" Hsp90ab1";" B2m";1,8
"1797";" Igfbp4";" B2m";0,2
"1798";" Hectd4";" B2m";1
"1799";" Tubb5";" B2m";1
"1800";" mt-Cytb";" B2m";1
"1801";" Neat1";" Myh2";1
"1802";" Ly6c2";" Myh2";0,6
"1803";" H1f3";" Myh2";0,2
"1804";" H2bc15";" Myh2";0,2
"1805";" Mpo";" Myh2";0,6
"1806";" Ibsp";" Myh2";0,6
"1807";" H1f5";" Myh2";0
"1808";" Acta1";" Myh2";0,2
"1809";" Ctsk";" Myh2";0,4
"1810";" Scd1";" Myh2";0,2
"1811";" Alas2";" Myh2";0,2
"1812";" mt-Rnr2";" Myh2";0,8
"1813";" Cybb";" Myh2";0,2
"1814";" Rnf213";" Myh2";0,6
"1815";" Cd24a";" Myh2";0,4
"1816";" Myot";" Myh2";0,8
"1817";" Serpinh1";" Myh2";0,8
"1818";" Lgals3bp";" Myh2";0,4
"1819";" Col1a2";" Myh2";1
"1820";" Ldb3";" Myh2";0,2
"1821";" Des";" Myh2";0,2
"1822";" Fech";" Myh2";0,4
"1823";" Naca";" Myh2";0,6
"1824";" Mmp13";" Myh2";0,6
"1825";" Itm2b";" Myh2";0,6
"1826";" Ctss";" Myh2";0,4
"1827";" Actn3";" Myh2";0,8
"1828";" H2-Aa";" Myh2";0,8
"1829";" Sparc";" Myh2";0
"1830";" H3c11";" Myh2";0
"1831";" Hemgn";" Myh2";0,4
"1832";" H3c3";" Myh2";0,2
"1833";" Igha";" Myh2";0,8
"1834";" Myh1";" Myh2";0,2
"1835";" Epb41";" Myh2";0,4
"1836";" B2m";" Myh2";0,2
"1837";" Myh2";" Myh2";0
"1838";" Chad";" Myh2";0,6
"1839";" Laptm5";" Myh2";0,4
"1840";" Pde4dip";" Myh2";0,8
"1841";" Rn18s-rs5";" Myh2";0,8
"1842";" Ahnak";" Myh2";0,4
"1843";" Tnc";" Myh2";0,6
"1844";" Atp2a1";" Myh2";0,8
"1845";" Pkm";" Myh2";1,2
"1846";" Hsp90ab1";" Myh2";0,2
"1847";" Igfbp4";" Myh2";0,4
"1848";" Hectd4";" Myh2";0,6
"1849";" Tubb5";" Myh2";0
"1850";" mt-Cytb";" Myh2";0
"1851";" Neat1";" Chad";0,8
"1852";" Ly6c2";" Chad";0,8
"1853";" H1f3";" Chad";0,4
"1854";" H2bc15";" Chad";0,4
"1855";" Mpo";" Chad";0,6
"1856";" Ibsp";" Chad";0,6
"1857";" H1f5";" Chad";0,6
"1858";" Acta1";" Chad";1,2
"1859";" Ctsk";" Chad";0,2
"1860";" Scd1";" Chad";0,4
"1861";" Alas2";" Chad";0,4
"1862";" mt-Rnr2";" Chad";0,2
"1863";" Cybb";" Chad";0,8
"1864";" Rnf213";" Chad";1,4
"1865";" Cd24a";" Chad";0,2
"1866";" Myot";" Chad";1,6
"1867";" Serpinh1";" Chad";0
"1868";" Lgals3bp";" Chad";0,2
"1869";" Col1a2";" Chad";0,8
"1870";" Ldb3";" Chad";1,2
"1871";" Des";" Chad";1,2
"1872";" Fech";" Chad";0,2
"1873";" Naca";" Chad";0,6
"1874";" Mmp13";" Chad";0,6
"1875";" Itm2b";" Chad";0
"1876";" Ctss";" Chad";0,6
"1877";" Actn3";" Chad";1,6
"1878";" H2-Aa";" Chad";0,2
"1879";" Sparc";" Chad";0
"1880";" H3c11";" Chad";0
"1881";" Hemgn";" Chad";0,2
"1882";" H3c3";" Chad";0,4
"1883";" Igha";" Chad";0,8
"1884";" Myh1";" Chad";1,2
"1885";" Epb41";" Chad";0,2
"1886";" B2m";" Chad";0
"1887";" Myh2";" Chad";0,6
"1888";" Chad";" Chad";0
"1889";" Laptm5";" Chad";0,2
"1890";" Pde4dip";" Chad";1,6
"1891";" Rn18s-rs5";" Chad";0,2
"1892";" Ahnak";" Chad";0,2
"1893";" Tnc";" Chad";0
"1894";" Atp2a1";" Chad";1,6
"1895";" Pkm";" Chad";1,4
"1896";" Hsp90ab1";" Chad";0,4
"1897";" Igfbp4";" Chad";0,4
"1898";" Hectd4";" Chad";0
"1899";" Tubb5";" Chad";0
"1900";" mt-Cytb";" Chad";1
"1901";" Neat1";" Laptm5";1,4
"1902";" Ly6c2";" Laptm5";0,2
"1903";" H1f3";" Laptm5";0
"1904";" H2bc15";" Laptm5";0
"1905";" Mpo";" Laptm5";0
"1906";" Ibsp";" Laptm5";1,2
"1907";" H1f5";" Laptm5";0,6
"1908";" Acta1";" Laptm5";1,4
"1909";" Ctsk";" Laptm5";0,4
"1910";" Scd1";" Laptm5";1
"1911";" Alas2";" Laptm5";0
"1912";" mt-Rnr2";" Laptm5";0
"1913";" Cybb";" Laptm5";0,6
"1914";" Rnf213";" Laptm5";0,4
"1915";" Cd24a";" Laptm5";0
"1916";" Myot";" Laptm5";1,8
"1917";" Serpinh1";" Laptm5";0,2
"1918";" Lgals3bp";" Laptm5";0
"1919";" Col1a2";" Laptm5";1,8
"1920";" Ldb3";" Laptm5";1,4
"1921";" Des";" Laptm5";1,4
"1922";" Fech";" Laptm5";0
"1923";" Naca";" Laptm5";1,2
"1924";" Mmp13";" Laptm5";1,2
"1925";" Itm2b";" Laptm5";0,4
"1926";" Ctss";" Laptm5";0,6
"1927";" Actn3";" Laptm5";1,8
"1928";" H2-Aa";" Laptm5";0,2
"1929";" Sparc";" Laptm5";0,2
"1930";" H3c11";" Laptm5";0,4
"1931";" Hemgn";" Laptm5";0
"1932";" H3c3";" Laptm5";0
"1933";" Igha";" Laptm5";0,4
"1934";" Myh1";" Laptm5";1,4
"1935";" Epb41";" Laptm5";0
"1936";" B2m";" Laptm5";0,4
"1937";" Myh2";" Laptm5";0,4
"1938";" Chad";" Laptm5";0,2
"1939";" Laptm5";" Laptm5";0
"1940";" Pde4dip";" Laptm5";1,8
"1941";" Rn18s-rs5";" Laptm5";0
"1942";" Ahnak";" Laptm5";0,8
"1943";" Tnc";" Laptm5";0,2
"1944";" Atp2a1";" Laptm5";1,8
"1945";" Pkm";" Laptm5";2
"1946";" Hsp90ab1";" Laptm5";0,6
"1947";" Igfbp4";" Laptm5";0
"1948";" Hectd4";" Laptm5";0,6
"1949";" Tubb5";" Laptm5";0,4
"1950";" mt-Cytb";" Laptm5";0,2
"1951";" Neat1";" Pde4dip";0,2
"1952";" Ly6c2";" Pde4dip";1,4
"1953";" H1f3";" Pde4dip";0,4
"1954";" H2bc15";" Pde4dip";0,4
"1955";" Mpo";" Pde4dip";0,6
"1956";" Ibsp";" Pde4dip";0,6
"1957";" H1f5";" Pde4dip";0,8
"1958";" Acta1";" Pde4dip";0,2
"1959";" Ctsk";" Pde4dip";1,8
"1960";" Scd1";" Pde4dip";0,2
"1961";" Alas2";" Pde4dip";0,4
"1962";" mt-Rnr2";" Pde4dip";1,2
"1963";" Cybb";" Pde4dip";0,4
"1964";" Rnf213";" Pde4dip";0,6
"1965";" Cd24a";" Pde4dip";1,4
"1966";" Myot";" Pde4dip";0
"1967";" Serpinh1";" Pde4dip";2
"1968";" Lgals3bp";" Pde4dip";1,8
"1969";" Col1a2";" Pde4dip";0,6
"1970";" Ldb3";" Pde4dip";0,2
"1971";" Des";" Pde4dip";0,2
"1972";" Fech";" Pde4dip";1,4
"1973";" Naca";" Pde4dip";0,6
"1974";" Mmp13";" Pde4dip";0,6
"1975";" Itm2b";" Pde4dip";0,8
"1976";" Ctss";" Pde4dip";1,2
"1977";" Actn3";" Pde4dip";0
"1978";" H2-Aa";" Pde4dip";0
"1979";" Sparc";" Pde4dip";1,6
"1980";" H3c11";" Pde4dip";0,2
"1981";" Hemgn";" Pde4dip";1,4
"1982";" H3c3";" Pde4dip";0,4
"1983";" Igha";" Pde4dip";1
"1984";" Myh1";" Pde4dip";0,2
"1985";" Epb41";" Pde4dip";1,4
"1986";" B2m";" Pde4dip";0,8
"1987";" Myh2";" Pde4dip";0,8
"1988";" Chad";" Pde4dip";1,6
"1989";" Laptm5";" Pde4dip";1,8
"1990";" Pde4dip";" Pde4dip";0
"1991";" Rn18s-rs5";" Pde4dip";1,2
"1992";" Ahnak";" Pde4dip";1,2
"1993";" Tnc";" Pde4dip";1,6
"1994";" Atp2a1";" Pde4dip";0
"1995";" Pkm";" Pde4dip";0,2
"1996";" Hsp90ab1";" Pde4dip";0,6
"1997";" Igfbp4";" Pde4dip";1,4
"1998";" Hectd4";" Pde4dip";1
"1999";" Tubb5";" Pde4dip";0,2
"2000";" mt-Cytb";" Pde4dip";0
"2001";" Neat1";" Rn18s-rs5";0,2
"2002";" Ly6c2";" Rn18s-rs5";0,2
"2003";" H1f3";" Rn18s-rs5";1
"2004";" H2bc15";" Rn18s-rs5";1
"2005";" Mpo";" Rn18s-rs5";0,6
"2006";" Ibsp";" Rn18s-rs5";0,6
"2007";" H1f5";" Rn18s-rs5";1,2
"2008";" Acta1";" Rn18s-rs5";1,4
"2009";" Ctsk";" Rn18s-rs5";0
"2010";" Scd1";" Rn18s-rs5";0,2
"2011";" Alas2";" Rn18s-rs5";1
"2012";" mt-Rnr2";" Rn18s-rs5";0
"2013";" Cybb";" Rn18s-rs5";0,6
"2014";" Rnf213";" Rn18s-rs5";0,6
"2015";" Cd24a";" Rn18s-rs5";0,8
"2016";" Myot";" Rn18s-rs5";1,2
"2017";" Serpinh1";" Rn18s-rs5";0,4
"2018";" Lgals3bp";" Rn18s-rs5";0
"2019";" Col1a2";" Rn18s-rs5";0,6
"2020";" Ldb3";" Rn18s-rs5";1,4
"2021";" Des";" Rn18s-rs5";1,4
"2022";" Fech";" Rn18s-rs5";0,8
"2023";" Naca";" Rn18s-rs5";0,6
"2024";" Mmp13";" Rn18s-rs5";0,6
"2025";" Itm2b";" Rn18s-rs5";1,4
"2026";" Ctss";" Rn18s-rs5";0,8
"2027";" Actn3";" Rn18s-rs5";1,2
"2028";" H2-Aa";" Rn18s-rs5";0,4
"2029";" Sparc";" Rn18s-rs5";0,4
"2030";" H3c11";" Rn18s-rs5";0,4
"2031";" Hemgn";" Rn18s-rs5";0,8
"2032";" H3c3";" Rn18s-rs5";1
"2033";" Igha";" Rn18s-rs5";0,4
"2034";" Myh1";" Rn18s-rs5";1,4
"2035";" Epb41";" Rn18s-rs5";0,8
"2036";" B2m";" Rn18s-rs5";0,6
"2037";" Myh2";" Rn18s-rs5";0,8
"2038";" Chad";" Rn18s-rs5";0,2
"2039";" Laptm5";" Rn18s-rs5";0
"2040";" Pde4dip";" Rn18s-rs5";1,2
"2041";" Rn18s-rs5";" Rn18s-rs5";0
"2042";" Ahnak";" Rn18s-rs5";0,4
"2043";" Tnc";" Rn18s-rs5";0,2
"2044";" Atp2a1";" Rn18s-rs5";1,2
"2045";" Pkm";" Rn18s-rs5";0,8
"2046";" Hsp90ab1";" Rn18s-rs5";0,6
"2047";" Igfbp4";" Rn18s-rs5";0,8
"2048";" Hectd4";" Rn18s-rs5";0,6
"2049";" Tubb5";" Rn18s-rs5";0,4
"2050";" mt-Cytb";" Rn18s-rs5";1,2
"2051";" Neat1";" Ahnak";0,2
"2052";" Ly6c2";" Ahnak";1,4
"2053";" H1f3";" Ahnak";0,6
"2054";" H2bc15";" Ahnak";0,6
"2055";" Mpo";" Ahnak";0,6
"2056";" Ibsp";" Ahnak";0,2
"2057";" H1f5";" Ahnak";0,4
"2058";" Acta1";" Ahnak";1
"2059";" Ctsk";" Ahnak";0
"2060";" Scd1";" Ahnak";0,2
"2061";" Alas2";" Ahnak";0,6
"2062";" mt-Rnr2";" Ahnak";0,4
"2063";" Cybb";" Ahnak";1,4
"2064";" Rnf213";" Ahnak";1,4
"2065";" Cd24a";" Ahnak";0
"2066";" Myot";" Ahnak";1,2
"2067";" Serpinh1";" Ahnak";0,4
"2068";" Lgals3bp";" Ahnak";0,8
"2069";" Col1a2";" Ahnak";0,2
"2070";" Ldb3";" Ahnak";1
"2071";" Des";" Ahnak";1
"2072";" Fech";" Ahnak";0
"2073";" Naca";" Ahnak";0,2
"2074";" Mmp13";" Ahnak";0,2
"2075";" Itm2b";" Ahnak";0,2
"2076";" Ctss";" Ahnak";0,8
"2077";" Actn3";" Ahnak";1,2
"2078";" H2-Aa";" Ahnak";1,2
"2079";" Sparc";" Ahnak";0,4
"2080";" H3c11";" Ahnak";0,4
"2081";" Hemgn";" Ahnak";0
"2082";" H3c3";" Ahnak";0,6
"2083";" Igha";" Ahnak";1,2
"2084";" Myh1";" Ahnak";1
"2085";" Epb41";" Ahnak";0
"2086";" B2m";" Ahnak";1,4
"2087";" Myh2";" Ahnak";0,4
"2088";" Chad";" Ahnak";0,2
"2089";" Laptm5";" Ahnak";0,8
"2090";" Pde4dip";" Ahnak";1,2
"2091";" Rn18s-rs5";" Ahnak";0,4
"2092";" Ahnak";" Ahnak";0
"2093";" Tnc";" Ahnak";0,2
"2094";" Atp2a1";" Ahnak";1,2
"2095";" Pkm";" Ahnak";0,8
"2096";" Hsp90ab1";" Ahnak";0,2
"2097";" Igfbp4";" Ahnak";0
"2098";" Hectd4";" Ahnak";0,2
"2099";" Tubb5";" Ahnak";0,4
"2100";" mt-Cytb";" Ahnak";0,4
"2101";" Neat1";" Tnc";0,8
"2102";" Ly6c2";" Tnc";0,8
"2103";" H1f3";" Tnc";0,4
"2104";" H2bc15";" Tnc";0,4
"2105";" Mpo";" Tnc";0,6
"2106";" Ibsp";" Tnc";0,6
"2107";" H1f5";" Tnc";0,6
"2108";" Acta1";" Tnc";1,2
"2109";" Ctsk";" Tnc";0,2
"2110";" Scd1";" Tnc";0,4
"2111";" Alas2";" Tnc";0,4
"2112";" mt-Rnr2";" Tnc";0,2
"2113";" Cybb";" Tnc";0,8
"2114";" Rnf213";" Tnc";1,4
"2115";" Cd24a";" Tnc";0,2
"2116";" Myot";" Tnc";1,6
"2117";" Serpinh1";" Tnc";0
"2118";" Lgals3bp";" Tnc";0,2
"2119";" Col1a2";" Tnc";0,8
"2120";" Ldb3";" Tnc";1,2
"2121";" Des";" Tnc";1,2
"2122";" Fech";" Tnc";0,2
"2123";" Naca";" Tnc";0,6
"2124";" Mmp13";" Tnc";0,6
"2125";" Itm2b";" Tnc";0
"2126";" Ctss";" Tnc";0,6
"2127";" Actn3";" Tnc";1,6
"2128";" H2-Aa";" Tnc";0,2
"2129";" Sparc";" Tnc";0
"2130";" H3c11";" Tnc";0
"2131";" Hemgn";" Tnc";0,2
"2132";" H3c3";" Tnc";0,4
"2133";" Igha";" Tnc";0,8
"2134";" Myh1";" Tnc";1,2
"2135";" Epb41";" Tnc";0,2
"2136";" B2m";" Tnc";0
"2137";" Myh2";" Tnc";0,6
"2138";" Chad";" Tnc";0
"2139";" Laptm5";" Tnc";0,2
"2140";" Pde4dip";" Tnc";1,6
"2141";" Rn18s-rs5";" Tnc";0,2
"2142";" Ahnak";" Tnc";0,2
"2143";" Tnc";" Tnc";0
"2144";" Atp2a1";" Tnc";1,6
"2145";" Pkm";" Tnc";1,4
"2146";" Hsp90ab1";" Tnc";0,4
"2147";" Igfbp4";" Tnc";0,4
"2148";" Hectd4";" Tnc";0
"2149";" Tubb5";" Tnc";0
"2150";" mt-Cytb";" Tnc";1
"2151";" Neat1";" Atp2a1";0,2
"2152";" Ly6c2";" Atp2a1";1,4
"2153";" H1f3";" Atp2a1";0,4
"2154";" H2bc15";" Atp2a1";0,4
"2155";" Mpo";" Atp2a1";0,6
"2156";" Ibsp";" Atp2a1";0,6
"2157";" H1f5";" Atp2a1";0,8
"2158";" Acta1";" Atp2a1";0,2
"2159";" Ctsk";" Atp2a1";1,8
"2160";" Scd1";" Atp2a1";0,2
"2161";" Alas2";" Atp2a1";0,4
"2162";" mt-Rnr2";" Atp2a1";1,2
"2163";" Cybb";" Atp2a1";0,4
"2164";" Rnf213";" Atp2a1";0,6
"2165";" Cd24a";" Atp2a1";1,4
"2166";" Myot";" Atp2a1";0
"2167";" Serpinh1";" Atp2a1";2
"2168";" Lgals3bp";" Atp2a1";1,8
"2169";" Col1a2";" Atp2a1";0,6
"2170";" Ldb3";" Atp2a1";0,2
"2171";" Des";" Atp2a1";0,2
"2172";" Fech";" Atp2a1";1,4
"2173";" Naca";" Atp2a1";0,6
"2174";" Mmp13";" Atp2a1";0,6
"2175";" Itm2b";" Atp2a1";0,8
"2176";" Ctss";" Atp2a1";1,2
"2177";" Actn3";" Atp2a1";0
"2178";" H2-Aa";" Atp2a1";0
"2179";" Sparc";" Atp2a1";1,6
"2180";" H3c11";" Atp2a1";0,2
"2181";" Hemgn";" Atp2a1";1,4
"2182";" H3c3";" Atp2a1";0,4
"2183";" Igha";" Atp2a1";1
"2184";" Myh1";" Atp2a1";0,2
"2185";" Epb41";" Atp2a1";1,4
"2186";" B2m";" Atp2a1";0,8
"2187";" Myh2";" Atp2a1";0,8
"2188";" Chad";" Atp2a1";1,6
"2189";" Laptm5";" Atp2a1";1,8
"2190";" Pde4dip";" Atp2a1";0
"2191";" Rn18s-rs5";" Atp2a1";1,2
"2192";" Ahnak";" Atp2a1";1,2
"2193";" Tnc";" Atp2a1";1,6
"2194";" Atp2a1";" Atp2a1";0
"2195";" Pkm";" Atp2a1";0,2
"2196";" Hsp90ab1";" Atp2a1";0,6
"2197";" Igfbp4";" Atp2a1";1,4
"2198";" Hectd4";" Atp2a1";1
"2199";" Tubb5";" Atp2a1";0,2
"2200";" mt-Cytb";" Atp2a1";0
"2201";" Neat1";" Pkm";0,2
"2202";" Ly6c2";" Pkm";1,8
"2203";" H1f3";" Pkm";0
"2204";" H2bc15";" Pkm";0
"2205";" Mpo";" Pkm";0,8
"2206";" Ibsp";" Pkm";0,4
"2207";" H1f5";" Pkm";0,6
"2208";" Acta1";" Pkm";0,6
"2209";" Ctsk";" Pkm";1,6
"2210";" Scd1";" Pkm";0,6
"2211";" Alas2";" Pkm";0
"2212";" mt-Rnr2";" Pkm";0,8
"2213";" Cybb";" Pkm";1
"2214";" Rnf213";" Pkm";1,2
"2215";" Cd24a";" Pkm";1,2
"2216";" Myot";" Pkm";0,2
"2217";" Serpinh1";" Pkm";1,8
"2218";" Lgals3bp";" Pkm";2
"2219";" Col1a2";" Pkm";0,2
"2220";" Ldb3";" Pkm";0,6
"2221";" Des";" Pkm";0,6
"2222";" Fech";" Pkm";1,2
"2223";" Naca";" Pkm";0,4
"2224";" Mmp13";" Pkm";0,4
"2225";" Itm2b";" Pkm";1,2
"2226";" Ctss";" Pkm";1,4
"2227";" Actn3";" Pkm";0,2
"2228";" H2-Aa";" Pkm";0,6
"2229";" Sparc";" Pkm";1,8
"2230";" H3c11";" Pkm";0,4
"2231";" Hemgn";" Pkm";1,2
"2232";" H3c3";" Pkm";0
"2233";" Igha";" Pkm";1,2
"2234";" Myh1";" Pkm";0,6
"2235";" Epb41";" Pkm";1,2
"2236";" B2m";" Pkm";1,2
"2237";" Myh2";" Pkm";1,2
"2238";" Chad";" Pkm";1,4
"2239";" Laptm5";" Pkm";2
"2240";" Pde4dip";" Pkm";0,2
"2241";" Rn18s-rs5";" Pkm";0,8
"2242";" Ahnak";" Pkm";0,8
"2243";" Tnc";" Pkm";1,4
"2244";" Atp2a1";" Pkm";0,2
"2245";" Pkm";" Pkm";0
"2246";" Hsp90ab1";" Pkm";1
"2247";" Igfbp4";" Pkm";1,6
"2248";" Hectd4";" Pkm";0,6
"2249";" Tubb5";" Pkm";0,4
"2250";" mt-Cytb";" Pkm";0,6
"2251";" Neat1";" Hsp90ab1";0,8
"2252";" Ly6c2";" Hsp90ab1";0,8
"2253";" H1f3";" Hsp90ab1";0,2
"2254";" H2bc15";" Hsp90ab1";0,2
"2255";" Mpo";" Hsp90ab1";0
"2256";" Ibsp";" Hsp90ab1";1,2
"2257";" H1f5";" Hsp90ab1";0,4
"2258";" Acta1";" Hsp90ab1";0,4
"2259";" Ctsk";" Hsp90ab1";0,2
"2260";" Scd1";" Hsp90ab1";0,4
"2261";" Alas2";" Hsp90ab1";0,2
"2262";" mt-Rnr2";" Hsp90ab1";0,6
"2263";" Cybb";" Hsp90ab1";0,8
"2264";" Rnf213";" Hsp90ab1";0,4
"2265";" Cd24a";" Hsp90ab1";0,2
"2266";" Myot";" Hsp90ab1";0,6
"2267";" Serpinh1";" Hsp90ab1";0,2
"2268";" Lgals3bp";" Hsp90ab1";0,6
"2269";" Col1a2";" Hsp90ab1";1,2
"2270";" Ldb3";" Hsp90ab1";0,4
"2271";" Des";" Hsp90ab1";0,4
"2272";" Fech";" Hsp90ab1";0,2
"2273";" Naca";" Hsp90ab1";1,2
"2274";" Mmp13";" Hsp90ab1";1,2
"2275";" Itm2b";" Hsp90ab1";0,2
"2276";" Ctss";" Hsp90ab1";1,6
"2277";" Actn3";" Hsp90ab1";0,6
"2278";" H2-Aa";" Hsp90ab1";1,2
"2279";" Sparc";" Hsp90ab1";0,2
"2280";" H3c11";" Hsp90ab1";0,4
"2281";" Hemgn";" Hsp90ab1";0,2
"2282";" H3c3";" Hsp90ab1";0,2
"2283";" Igha";" Hsp90ab1";0,4
"2284";" Myh1";" Hsp90ab1";0,4
"2285";" Epb41";" Hsp90ab1";0,2
"2286";" B2m";" Hsp90ab1";1,8
"2287";" Myh2";" Hsp90ab1";0,2
"2288";" Chad";" Hsp90ab1";0,4
"2289";" Laptm5";" Hsp90ab1";0,6
"2290";" Pde4dip";" Hsp90ab1";0,6
"2291";" Rn18s-rs5";" Hsp90ab1";0,6
"2292";" Ahnak";" Hsp90ab1";0,2
"2293";" Tnc";" Hsp90ab1";0,4
"2294";" Atp2a1";" Hsp90ab1";0,6
"2295";" Pkm";" Hsp90ab1";1
"2296";" Hsp90ab1";" Hsp90ab1";0
"2297";" Igfbp4";" Hsp90ab1";0
"2298";" Hectd4";" Hsp90ab1";0,4
"2299";" Tubb5";" Hsp90ab1";0,4
"2300";" mt-Cytb";" Hsp90ab1";0,4
"2301";" Neat1";" Igfbp4";0,4
"2302";" Ly6c2";" Igfbp4";0,4
"2303";" H1f3";" Igfbp4";1
"2304";" H2bc15";" Igfbp4";1
"2305";" Mpo";" Igfbp4";1
"2306";" Ibsp";" Igfbp4";0,2
"2307";" H1f5";" Igfbp4";1,4
"2308";" Acta1";" Igfbp4";0,8
"2309";" Ctsk";" Igfbp4";0
"2310";" Scd1";" Igfbp4";0,8
"2311";" Alas2";" Igfbp4";1
"2312";" mt-Rnr2";" Igfbp4";0,8
"2313";" Cybb";" Igfbp4";0
"2314";" Rnf213";" Igfbp4";0,2
"2315";" Cd24a";" Igfbp4";0,8
"2316";" Myot";" Igfbp4";1,4
"2317";" Serpinh1";" Igfbp4";0,2
"2318";" Lgals3bp";" Igfbp4";0
"2319";" Col1a2";" Igfbp4";1,2
"2320";" Ldb3";" Igfbp4";0,8
"2321";" Des";" Igfbp4";0,8
"2322";" Fech";" Igfbp4";0,8
"2323";" Naca";" Igfbp4";0,2
"2324";" Mmp13";" Igfbp4";0,2
"2325";" Itm2b";" Igfbp4";0,2
"2326";" Ctss";" Igfbp4";0,6
"2327";" Actn3";" Igfbp4";1,4
"2328";" H2-Aa";" Igfbp4";0,2
"2329";" Sparc";" Igfbp4";0,2
"2330";" H3c11";" Igfbp4";0,8
"2331";" Hemgn";" Igfbp4";0,8
"2332";" H3c3";" Igfbp4";1
"2333";" Igha";" Igfbp4";1,2
"2334";" Myh1";" Igfbp4";0,8
"2335";" Epb41";" Igfbp4";0,8
"2336";" B2m";" Igfbp4";0,2
"2337";" Myh2";" Igfbp4";0,4
"2338";" Chad";" Igfbp4";0,4
"2339";" Laptm5";" Igfbp4";0
"2340";" Pde4dip";" Igfbp4";1,4
"2341";" Rn18s-rs5";" Igfbp4";0,8
"2342";" Ahnak";" Igfbp4";0
"2343";" Tnc";" Igfbp4";0,4
"2344";" Atp2a1";" Igfbp4";1,4
"2345";" Pkm";" Igfbp4";1,6
"2346";" Hsp90ab1";" Igfbp4";0
"2347";" Igfbp4";" Igfbp4";0
"2348";" Hectd4";" Igfbp4";0,4
"2349";" Tubb5";" Igfbp4";0,8
"2350";" mt-Cytb";" Igfbp4";0,2
"2351";" Neat1";" Hectd4";0,4
"2352";" Ly6c2";" Hectd4";1,2
"2353";" H1f3";" Hectd4";0,2
"2354";" H2bc15";" Hectd4";0,2
"2355";" Mpo";" Hectd4";0,4
"2356";" Ibsp";" Hectd4";0
"2357";" H1f5";" Hectd4";0
"2358";" Acta1";" Hectd4";0,8
"2359";" Ctsk";" Hectd4";0,2
"2360";" Scd1";" Hectd4";0,8
"2361";" Alas2";" Hectd4";0,2
"2362";" mt-Rnr2";" Hectd4";0,6
"2363";" Cybb";" Hectd4";1,2
"2364";" Rnf213";" Hectd4";1,6
"2365";" Cd24a";" Hectd4";0,2
"2366";" Myot";" Hectd4";1
"2367";" Serpinh1";" Hectd4";0,2
"2368";" Lgals3bp";" Hectd4";0,6
"2369";" Col1a2";" Hectd4";0
"2370";" Ldb3";" Hectd4";0,8
"2371";" Des";" Hectd4";0,8
"2372";" Fech";" Hectd4";0,2
"2373";" Naca";" Hectd4";0
"2374";" Mmp13";" Hectd4";0
"2375";" Itm2b";" Hectd4";0,2
"2376";" Ctss";" Hectd4";0,4
"2377";" Actn3";" Hectd4";1
"2378";" H2-Aa";" Hectd4";0,8
"2379";" Sparc";" Hectd4";0,2
"2380";" H3c11";" Hectd4";0
"2381";" Hemgn";" Hectd4";0,2
"2382";" H3c3";" Hectd4";0,2
"2383";" Igha";" Hectd4";0,8
"2384";" Myh1";" Hectd4";0,8
"2385";" Epb41";" Hectd4";0,2
"2386";" B2m";" Hectd4";1
"2387";" Myh2";" Hectd4";0,6
"2388";" Chad";" Hectd4";0
"2389";" Laptm5";" Hectd4";0,6
"2390";" Pde4dip";" Hectd4";1
"2391";" Rn18s-rs5";" Hectd4";0,6
"2392";" Ahnak";" Hectd4";0,2
"2393";" Tnc";" Hectd4";0
"2394";" Atp2a1";" Hectd4";1
"2395";" Pkm";" Hectd4";0,6
"2396";" Hsp90ab1";" Hectd4";0,4
"2397";" Igfbp4";" Hectd4";0,4
"2398";" Hectd4";" Hectd4";0
"2399";" Tubb5";" Hectd4";0
"2400";" mt-Cytb";" Hectd4";0,8
"2401";" Neat1";" Tubb5";0
"2402";" Ly6c2";" Tubb5";0,8
"2403";" H1f3";" Tubb5";0,2
"2404";" H2bc15";" Tubb5";0,2
"2405";" Mpo";" Tubb5";0,2
"2406";" Ibsp";" Tubb5";0,6
"2407";" H1f5";" Tubb5";0,6
"2408";" Acta1";" Tubb5";0,4
"2409";" Ctsk";" Tubb5";0,4
"2410";" Scd1";" Tubb5";1,2
"2411";" Alas2";" Tubb5";0,2
"2412";" mt-Rnr2";" Tubb5";0,4
"2413";" Cybb";" Tubb5";0,4
"2414";" Rnf213";" Tubb5";1
"2415";" Cd24a";" Tubb5";0,4
"2416";" Myot";" Tubb5";0,2
"2417";" Serpinh1";" Tubb5";0,2
"2418";" Lgals3bp";" Tubb5";0,4
"2419";" Col1a2";" Tubb5";0,8
"2420";" Ldb3";" Tubb5";0,4
"2421";" Des";" Tubb5";0,4
"2422";" Fech";" Tubb5";0,4
"2423";" Naca";" Tubb5";0,6
"2424";" Mmp13";" Tubb5";0,6
"2425";" Itm2b";" Tubb5";1
"2426";" Ctss";" Tubb5";0,6
"2427";" Actn3";" Tubb5";0,2
"2428";" H2-Aa";" Tubb5";0,2
"2429";" Sparc";" Tubb5";0,2
"2430";" H3c11";" Tubb5";0
"2431";" Hemgn";" Tubb5";0,4
"2432";" H3c3";" Tubb5";0,2
"2433";" Igha";" Tubb5";0,4
"2434";" Myh1";" Tubb5";0,4
"2435";" Epb41";" Tubb5";0,4
"2436";" B2m";" Tubb5";1
"2437";" Myh2";" Tubb5";0
"2438";" Chad";" Tubb5";0
"2439";" Laptm5";" Tubb5";0,4
"2440";" Pde4dip";" Tubb5";0,2
"2441";" Rn18s-rs5";" Tubb5";0,4
"2442";" Ahnak";" Tubb5";0,4
"2443";" Tnc";" Tubb5";0
"2444";" Atp2a1";" Tubb5";0,2
"2445";" Pkm";" Tubb5";0,4
"2446";" Hsp90ab1";" Tubb5";0,4
"2447";" Igfbp4";" Tubb5";0,8
"2448";" Hectd4";" Tubb5";0
"2449";" Tubb5";" Tubb5";0
"2450";" mt-Cytb";" Tubb5";0,2
"2451";" Neat1";" mt-Cytb";0,8
"2452";" Ly6c2";" mt-Cytb";0
"2453";" H1f3";" mt-Cytb";0,6
"2454";" H2bc15";" mt-Cytb";0,6
"2455";" Mpo";" mt-Cytb";0,4
"2456";" Ibsp";" mt-Cytb";0,8
"2457";" H1f5";" mt-Cytb";0,4
"2458";" Acta1";" mt-Cytb";0,4
"2459";" Ctsk";" mt-Cytb";0,6
"2460";" Scd1";" mt-Cytb";0,4
"2461";" Alas2";" mt-Cytb";0,6
"2462";" mt-Rnr2";" mt-Cytb";1,2
"2463";" Cybb";" mt-Cytb";1
"2464";" Rnf213";" mt-Cytb";0
"2465";" Cd24a";" mt-Cytb";0,6
"2466";" Myot";" mt-Cytb";0
"2467";" Serpinh1";" mt-Cytb";0,8
"2468";" Lgals3bp";" mt-Cytb";0,2
"2469";" Col1a2";" mt-Cytb";0,8
"2470";" Ldb3";" mt-Cytb";0,4
"2471";" Des";" mt-Cytb";0,4
"2472";" Fech";" mt-Cytb";0,6
"2473";" Naca";" mt-Cytb";0,8
"2474";" Mmp13";" mt-Cytb";0,8
"2475";" Itm2b";" mt-Cytb";0,6
"2476";" Ctss";" mt-Cytb";0,8
"2477";" Actn3";" mt-Cytb";0
"2478";" H2-Aa";" mt-Cytb";1,6
"2479";" Sparc";" mt-Cytb";0
"2480";" H3c11";" mt-Cytb";0,2
"2481";" Hemgn";" mt-Cytb";0,6
"2482";" H3c3";" mt-Cytb";0,6
"2483";" Igha";" mt-Cytb";0,2
"2484";" Myh1";" mt-Cytb";0,4
"2485";" Epb41";" mt-Cytb";0,6
"2486";" B2m";" mt-Cytb";1
"2487";" Myh2";" mt-Cytb";0
"2488";" Chad";" mt-Cytb";1
"2489";" Laptm5";" mt-Cytb";0,2
"2490";" Pde4dip";" mt-Cytb";0
"2491";" Rn18s-rs5";" mt-Cytb";1,2
"2492";" Ahnak";" mt-Cytb";0,4
"2493";" Tnc";" mt-Cytb";1
"2494";" Atp2a1";" mt-Cytb";0
"2495";" Pkm";" mt-Cytb";0,6
"2496";" Hsp90ab1";" mt-Cytb";0,4
"2497";" Igfbp4";" mt-Cytb";0,2
"2498";" Hectd4";" mt-Cytb";0,8
"2499";" Tubb5";" mt-Cytb";0,2
"2500";" mt-Cytb";" mt-Cytb";0
